Customer_id,Predicted_LTV,Segment
12346,373.23907,Medium
12347,1322.5878,High
12348,223.23283,Low
12349,2702.3833,VIP
12351,298.04526,Low
12352,343.12332,Medium
12353,316.22964,Medium
12355,488.28656,Medium
12356,3387.457,VIP
12357,11941.268,VIP
12358,2733.7466,VIP
12359,2582.703,VIP
12360,1599.5793,High
12361,322.53226,Medium
12362,130.33319,Low
12366,495.21335,Medium
12368,935.6212,High
12369,1706.6256,VIP
12370,768.47656,High
12371,2173.384,VIP
12373,736.41925,High
12374,2259.1738,VIP
12376,503.25476,Medium
12377,1858.1532,VIP
12378,1403.1683,High
12379,775.79956,High
12380,7202.088,VIP
12385,1950.4664,VIP
12386,259.586,Low
12387,144.86475,Low
12388,1130.4834,High
12389,1495.6823,High
12391,2350.018,VIP
12392,236.47021,Low
12393,828.6825,High
12395,2068.421,VIP
12396,935.55023,High
12399,856.0536,High
12400,202.08311,Low
12402,1007.712,High
12403,587.19556,Medium
12404,61.9835,Low
12406,2934.6172,VIP
12408,1494.2391,High
12409,11894.642,VIP
12410,322.4485,Medium
12411,346.19296,Medium
12412,1345.481,High
12413,241.71387,Low
12414,381.75836,Medium
12415,19646.717,VIP
12416,201.57806,Low
12417,3127.531,VIP
12418,1340.183,High
12419,505.59708,Medium
12421,290.4317,Low
12422,4264.495,VIP
12423,740.2793,High
12424,1572.5541,High
12425,962.10645,High
12426,753.0141,High
12427,298.2856,Low
12429,3763.3582,VIP
12431,4382.777,VIP
12433,7129.8975,VIP
12434,295.7765,Low
12435,5982.3584,VIP
12437,7570.5474,VIP
12439,1150.3817,High
12440,840.12054,High
12441,171.65068,Low
12443,486.54825,Medium
12445,298.92236,Low
12449,772.6361,High
12450,496.89044,Medium
12451,3602.9094,VIP
12454,13135.545,VIP
12455,3422.4885,VIP
12457,628.87317,Medium
12458,835.97485,High
12459,457.08627,Medium
12460,326.0796,Medium
12466,56.83898,Low
12467,132.17938,Low
12468,2878.543,VIP
12469,2994.1978,VIP
12470,212.53017,Low
12471,20207.979,VIP
12472,11208.183,VIP
12474,4977.715,VIP
12475,422.0376,Medium
12476,7258.105,VIP
12477,7030.2715,VIP
12480,2161.7756,VIP
12481,6726.617,VIP
12482,28882.139,VIP
12483,2737.941,VIP
12484,1792.7284,VIP
12485,707.6435,High
12486,1049.6279,High
12487,283.4892,Low
12490,4446.4043,VIP
12492,457.95975,Medium
12494,616.06537,Medium
12495,364.50742,Medium
12496,52.580616,Low
12497,5167.347,VIP
12499,388.29776,Medium
12500,1659.6473,High
12503,1086.4756,High
12504,297.26016,Medium
12505,951.1124,High
12507,539.8303,Medium
12510,4205.5073,VIP
12511,3124.349,VIP
12514,583.42523,Medium
12516,1336.4781,High
12519,386.3485,Medium
12523,2579.8733,VIP
12524,6870.111,VIP
12525,1000.6709,High
12527,392.20792,Medium
12529,312.3845,Medium
12530,2117.7483,VIP
12531,1789.8055,VIP
12533,1362.184,High
12537,733.226,High
12538,278.3448,Low
12539,5766.7705,VIP
12540,8836.021,VIP
12542,485.04456,Medium
12543,993.81274,High
12547,177.42738,Low
12549,1573.5936,High
12553,924.33105,High
12554,467.3383,Medium
12555,130.33319,Low
12557,6666.2334,VIP
12562,1170.0116,High
12563,252.46745,Low
12567,4255.689,VIP
12568,69.07563,Low
12570,76.40556,Low
12573,569.4095,Medium
12575,632.1576,Medium
12576,818.91473,High
12577,975.83325,High
12578,1859.1445,VIP
12580,643.5584,Medium
12582,1412.8142,High
12583,6737.398,VIP
12586,1856.5776,VIP
12588,739.1088,High
12589,4052.086,VIP
12591,904.9208,High
12592,2182.3408,VIP
12594,1815.1067,VIP
12595,298.18445,Low
12598,1523.3427,High
12599,1244.2118,High
12600,2558.4473,VIP
12601,104.78467,Low
12605,1250.0568,High
12606,20.970695,Low
12608,411.61554,Medium
12609,2296.1538,VIP
12613,3337.0115,VIP
12615,3433.4138,VIP
12616,419.07785,Medium
12619,138.52275,Low
12621,10991.42,VIP
12623,3467.114,VIP
12625,2514.3357,VIP
12629,1598.759,High
12631,2691.2686,VIP
12632,826.1591,High
12633,3465.074,VIP
12634,490.2203,Medium
12635,1224.2578,High
12636,138.6486,Low
12637,2443.7617,VIP
12638,251.41246,Low
12639,830.2764,High
12643,4946.0747,VIP
12644,1503.1716,High
12645,1747.2476,High
12647,14621.068,VIP
12648,798.0702,High
12649,1706.1608,High
12651,265.8603,Low
12652,97.83888,Low
12653,1936.3503,VIP
12655,261.25424,Low
12656,2281.0132,VIP
12661,162.48694,Low
12662,3146.1353,VIP
12663,243.05524,Low
12664,1171.3905,High
12665,254.04768,Low
12666,1259.6742,High
12668,7672.0093,VIP
12670,740.2793,High
12671,2633.1067,VIP
12672,212.99059,Low
12673,617.0984,Medium
12675,930.5991,High
12676,1492.707,High
12677,393.63623,Medium
12678,16416.863,VIP
12681,17102.818,VIP
12682,11498.442,VIP
12683,4159.6616,VIP
12686,90.23205,Low
12687,2157.9138,VIP
12691,137.29117,Low
12692,110.99224,Low
12693,851.81757,High
12694,968.838,High
12695,820.01764,High
12696,843.0946,High
12698,341.6268,Medium
12699,643.14764,Medium
12701,1624.5537,High
12703,730.4022,High
12705,4897.798,VIP
12708,2544.845,VIP
12709,21502.383,VIP
12711,1352.7712,High
12712,2797.7664,VIP
12714,8438.409,VIP
12717,278.94257,Low
12720,2554.061,VIP
12721,1368.1185,High
12724,1275.8345,High
12725,2231.052,VIP
12726,1400.996,High
12727,1680.2291,High
12728,234.23491,Low
12730,817.68646,High
12731,6753.67,VIP
12733,2021.1066,VIP
12734,533.73645,Medium
12737,3659.9944,VIP
12738,155.71242,Low
12739,1717.2194,VIP
12741,414.25925,Medium
12742,1182.622,High
12744,4012.5942,VIP
12745,900.9871,High
12746,254.27411,Low
12747,5006.7817,VIP
12748,14058.506,VIP
12749,2823.5627,VIP
12751,269.06223,Low
12755,5503.789,VIP
12758,6995.709,VIP
12759,3435.9958,VIP
12760,344.78445,Medium
12761,775.94183,High
12763,321.6761,Medium
12765,1391.0962,High
12766,3064.68,VIP
12767,954.3304,High
12768,168.76646,Low
12770,1934.9329,VIP
12771,283.08957,Low
12773,125.88271,Low
12774,99.14631,Low
12775,297.88617,Low
12776,56.248116,Low
12777,519.4074,Medium
12778,949.3516,High
12779,2728.3623,VIP
12780,336.38016,Medium
12782,2296.1538,VIP
12784,1238.2782,High
12785,776.1467,High
12786,733.57794,High
12787,398.1788,Medium
12788,442.81064,Medium
12789,182.33904,Low
12790,269.0742,Low
12791,856.0589,High
12792,422.06442,Medium
12793,466.3614,Medium
12796,383.13223,Medium
12797,552.5203,Medium
12798,1394.3473,High
12799,220.23463,Low
12800,575.0245,Medium
12801,1064.468,High
12802,2057.31,VIP
12803,1092.3823,High
12804,326.11563,Medium
12805,1410.2103,High
12806,2846.8184,VIP
12807,329.27695,Medium
12808,413.84818,Medium
12809,1261.3477,High
12810,534.8933,Medium
12811,516.3481,Medium
12813,1683.9651,High
12817,531.0709,Medium
12819,540.94867,Medium
12820,1728.0807,VIP
12821,127.87001,Low
12823,4738.0933,VIP
12825,518.69275,Medium
12826,1465.8927,High
12829,91.44979,Low
12831,242.43527,Low
12835,6040.2866,VIP
12836,3977.788,VIP
12837,547.24207,Medium
12838,2672.175,VIP
12839,4578.574,VIP
12840,1307.8425,High
12841,3597.967,VIP
12842,829.4345,High
12843,4946.702,VIP
12844,322.66324,Medium
12846,3.6882882,Low
12847,755.33813,High
12848,209.12428,Low
12849,2045.8734,VIP
12850,330.94565,Medium
12851,148.93552,Low
12853,1935.7657,VIP
12854,1633.9069,High
12855,604.30164,Medium
12857,2624.7197,VIP
12858,177.88638,Low
12859,583.9619,Medium
12860,55.807484,Low
12861,67.714516,Low
12862,1023.3805,High
12863,2292.7454,VIP
12864,152.05064,Low
12865,1776.8771,VIP
12866,662.248,Medium
12867,3853.083,VIP
12868,641.1564,Medium
12869,336.6734,Medium
12870,1678.4263,High
12871,366.84335,Medium
12872,3063.2302,VIP
12873,1652.282,High
12874,930.5583,High
12875,1021.9971,High
12876,1832.5286,VIP
12877,1413.865,High
12880,640.72534,Medium
12887,222.9093,Low
12889,378.09326,Medium
12890,337.6832,Medium
12891,512.3017,Medium
12892,261.65298,Low
12894,156.62177,Low
12897,297.78598,Medium
12898,307.94797,Medium
12899,367.50906,Medium
12900,342.2755,Medium
12903,829.1313,High
12905,1024.2958,High
12907,509.78442,Medium
12908,1028.8821,High
12909,902.32916,High
12910,2706.456,VIP
12911,1661.6869,High
12913,4325.519,VIP
12914,224.59895,Low
12915,800.2278,High
12916,1695.0415,High
12917,3711.6511,VIP
12918,10902.975,VIP
12920,324.16144,Medium
12921,19509.068,VIP
12923,608.90247,Medium
12924,1563.0969,High
12925,36.245773,Low
12926,1573.2115,High
12927,195.7012,Low
12928,2316.175,VIP
12931,50184.316,VIP
12932,1673.8271,High
12933,1087.3518,High
12934,182.3872,Low
12935,2071.2896,VIP
12937,1594.2974,High
12939,14164.614,VIP
12941,375.12845,Medium
12942,257.63382,Low
12943,502.3311,Medium
12945,433.58823,Medium
12946,323.57635,Medium
12947,305.84103,Low
12948,257.66724,Low
12949,11411.086,VIP
12951,2136.4727,VIP
12953,494.98248,Medium
12954,162.52217,Low
12956,416.2061,Medium
12957,4787.609,VIP
12958,537.2517,Medium
12959,152.09451,Low
12960,1304.5938,High
12961,212.0426,Low
12963,1754.7245,VIP
12964,130.78247,Low
12967,2644.4316,VIP
12969,121.95344,Low
12970,1095.9585,High
12971,4831.089,VIP
12972,1166.5664,High
12973,383.77588,Medium
12974,263.69833,Low
12975,2143.4229,VIP
12976,2409.4702,VIP
12977,471.4646,Medium
12978,2466.967,VIP
12979,519.9392,Medium
12980,9083.8,VIP
12982,2303.1155,VIP
12983,489.2761,Medium
12986,2736.211,VIP
12987,751.22925,High
12989,6632.2773,VIP
12990,548.7958,Medium
12991,261.61002,Low
12992,93.61726,Low
12993,828.38904,High
12996,348.42532,Medium
12997,902.8919,High
12998,902.60187,High
13000,495.17572,Medium
13001,14316.744,VIP
13002,295.85336,Medium
13004,6064.394,VIP
13005,486.53894,Medium
13007,176.97151,Low
13008,379.57028,Medium
13009,234.87166,Low
13010,328.4312,Medium
13011,50.12219,Low
13012,1309.1895,High
13013,8045.63,VIP
13014,1903.0569,VIP
13015,3172.2102,VIP
13018,2489.0542,VIP
13019,1204.3455,High
13020,628.929,Medium
13021,2260.5247,VIP
13022,66.457016,Low
13023,743.12164,High
13024,555.9131,Medium
13025,323.94507,Medium
13026,748.8374,High
13027,10531.082,VIP
13029,670.3376,Medium
13030,425.82297,Medium
13031,3395.0627,VIP
13032,1894.1998,VIP
13033,29.999147,Low
13034,270.93112,Low
13035,433.07483,Medium
13036,308.2581,Low
13037,3035.7068,VIP
13039,1015.6496,High
13041,806.56274,High
13042,1557.6367,High
13044,4303.4966,VIP
13045,503.9525,Medium
13046,322.4454,Medium
13047,5615.21,VIP
13048,2296.5732,VIP
13049,746.1684,High
13050,6691.958,VIP
13051,156.6689,Low
13052,2836.7102,VIP
13053,126.55778,Low
13055,1093.6265,High
13056,208.9271,Low
13057,733.6676,High
13059,2122.4443,VIP
13063,192.58423,Low
13064,558.7666,Medium
13065,1047.542,High
13067,392.27917,Medium
13069,5262.332,VIP
13070,524.97516,Medium
13071,130.22107,Low
13073,413.92532,Medium
13074,1357.4264,High
13076,136.15721,Low
13077,2421.3232,VIP
13078,17026.422,VIP
13079,196.62198,Low
13080,212.66187,Low
13081,30794.416,VIP
13082,3674.502,VIP
13083,92.24951,Low
13084,121.10328,Low
13085,2027.2493,VIP
13086,432.97528,Medium
13087,312.29153,Medium
13088,236.24635,Low
13089,52768.25,VIP
13090,5234.253,VIP
13091,1967.4148,VIP
13092,1648.3591,High
13093,46933.03,VIP
13094,504.4741,Medium
13096,419.39667,Medium
13097,7314.2153,VIP
13101,611.43964,Medium
13102,5308.7046,VIP
13103,464.836,Medium
13104,614.85516,Medium
13105,71.98787,Low
13106,528.96375,Medium
13107,3645.4053,VIP
13108,742.49603,High
13109,345.23785,Medium
13110,1449.0491,High
13111,323.05502,Medium
13112,20.525703,Low
13113,6379.6694,VIP
13114,236.25279,Low
13115,3183.3328,VIP
13117,1660.1875,High
13118,1242.743,High
13119,136.32494,Low
13123,507.20724,Medium
13124,901.478,High
13125,156.85968,Low
13126,1902.2327,VIP
13128,262.27365,Low
13129,231.32257,Low
13131,2189.6584,VIP
13133,91.64692,Low
13134,668.65076,Medium
13135,275.8742,Low
13136,3649.664,VIP
13137,3986.232,VIP
13138,506.48077,Medium
13139,3154.6165,VIP
13140,794.5747,High
13141,5241.3223,VIP
13143,403.70352,Medium
13144,24.123455,Low
13145,813.14264,High
13148,5220.6504,VIP
13150,453.79373,Medium
13151,1326.4756,High
13152,2171.906,VIP
13154,1699.313,High
13155,766.10333,High
13156,1593.083,High
13157,3956.6033,VIP
13158,307.9702,Low
13161,366.89545,Medium
13162,7059.824,VIP
13163,17.60923,Low
13164,376.73563,Medium
13165,428.62244,Medium
13166,467.35995,Medium
13167,333.1727,Medium
13168,547.90204,Medium
13169,126.55169,Low
13172,68.570465,Low
13173,2278.1597,VIP
13174,6731.9956,VIP
13175,835.0678,High
13177,229.23428,Low
13178,8416.995,VIP
13179,574.5281,Medium
13180,86.57667,Low
13181,366.5558,Medium
13183,3093.3098,VIP
13187,132.42073,Low
13190,558.4282,Medium
13191,165.4512,Low
13192,1616.8479,High
13194,407.8505,Medium
13195,171.75856,Low
13196,1284.5872,High
13197,371.33823,Medium
13198,1576.2026,High
13199,6638.9736,VIP
13201,1251.2786,High
13202,1577.5073,High
13203,1780.555,VIP
13204,967.72925,High
13205,2789.213,VIP
13206,6796.6177,VIP
13207,281.1215,Low
13208,756.82184,High
13209,2552.9453,VIP
13211,1557.9897,High
13213,2294.043,VIP
13214,3302.5334,VIP
13215,80.92789,Low
13217,131.20605,Low
13219,76.32893,Low
13220,519.70703,Medium
13222,88.66273,Low
13223,815.25336,High
13225,9901.254,VIP
13226,200.97408,Low
13230,3576.842,VIP
13233,582.42255,Medium
13234,348.27438,Medium
13237,644.4051,Medium
13238,306.47156,Medium
13239,1275.552,High
13240,1083.9683,High
13241,116.32002,Low
13242,430.54565,Medium
13243,670.60175,Medium
13245,571.09534,Medium
13246,1432.0004,High
13249,944.7915,High
13250,256.69223,Low
13251,253.03262,Low
13252,392.74188,Medium
13253,1920.3969,VIP
13254,50.779438,Low
13255,506.2838,Medium
13257,148.29422,Low
13258,336.17108,Medium
13259,1133.952,High
13262,377.3368,Medium
13263,1249.9489,High
13264,729.8824,High
13266,2285.43,VIP
13267,5209.3584,VIP
13269,3517.428,VIP
13270,588.42584,Medium
13274,366.02145,Medium
13275,241.61575,Low
13276,1322.0848,High
13277,266.00183,Low
13278,892.8193,High
13280,1485.0203,High
13281,347.7041,Medium
13282,180.21188,Low
13283,271.67474,Low
13285,656.2994,Medium
13286,737.16016,High
13287,773.3691,High
13288,930.89105,High
13289,307.70544,Low
13290,208.85983,Low
13291,2957.7136,VIP
13292,416.9444,Medium
13293,1182.837,High
13294,822.7234,High
13295,896.9459,High
13296,693.6015,High
13297,2300.0632,VIP
13299,1071.5448,High
13300,921.8969,High
13302,93.66731,Low
13303,62.2532,Low
13304,902.59326,High
13305,1748.1414,VIP
13306,54.21769,Low
13307,261.92978,Low
13308,284.71558,Low
13309,250.63338,Low
13310,413.98587,Medium
13312,125.1519,Low
13313,1893.9585,VIP
13315,310.71066,Medium
13316,7069.946,VIP
13317,4183.278,VIP
13319,11653.283,VIP
13320,669.6055,Medium
13324,3354.9246,VIP
13326,283.08688,Low
13327,6379.6694,VIP
13329,4406.495,VIP
13330,1695.0415,High
13331,260.34546,Low
13333,1015.43677,High
13334,2751.455,VIP
13337,1614.372,High
13338,1955.8569,VIP
13340,11656.54,VIP
13346,299.71356,Medium
13357,3246.451,VIP
13359,595.4628,Medium
13360,1578.6985,High
13361,1412.7596,High
13362,2270.4436,VIP
13363,730.1512,High
13367,516.29846,Medium
13368,503.00137,Medium
13369,308.06644,Low
13370,755.27216,High
13371,2331.4453,VIP
13373,4283.7715,VIP
13374,426.1754,Medium
13375,1015.65735,High
13377,1560.3585,High
13380,59.80643,Low
13381,4426.8564,VIP
13382,1166.312,High
13383,308.00616,Low
13384,2560.2163,VIP
13386,837.00397,High
13387,192.37895,Low
13388,514.5958,Medium
13392,91.15719,Low
13393,1136.2977,High
13394,4238.37,VIP
13395,897.7324,High
13397,1664.5085,High
13398,213.17014,Low
13399,277.49292,Low
13400,312.1519,Medium
13402,895.5563,High
13403,156.21298,Low
13405,641.9082,Medium
13406,557.8934,Medium
13407,2246.7463,VIP
13408,23634.523,VIP
13410,1196.8088,High
13412,487.05368,Medium
13413,436.1809,Medium
13414,1106.1663,High
13415,808.4167,High
13416,227.4257,Low
13417,1053.8582,High
13418,6386.6895,VIP
13421,2275.186,VIP
13423,216.9513,Low
13424,574.7411,Medium
13425,1784.8,VIP
13426,4545.589,VIP
13427,416.1474,Medium
13428,287.9898,Low
13431,2087.9192,VIP
13432,439.974,Medium
13433,656.1427,Medium
13434,1118.0396,High
13435,661.65247,Medium
13438,47.329666,Low
13439,710.23016,Medium
13440,1284.3285,High
13441,422.22504,Medium
13442,414.32678,Medium
13443,1308.756,High
13444,640.79114,Medium
13445,242.5652,Low
13446,3996.512,VIP
13448,5603.8774,VIP
13450,2155.1104,VIP
13451,4242.302,VIP
13452,138.79825,Low
13453,421.10345,Medium
13454,220.17061,Low
13455,1878.4966,VIP
13457,148.85388,Low
13458,2344.2988,VIP
13459,1150.5782,High
13461,2743.793,VIP
13462,1019.0618,High
13464,2371.1187,VIP
13465,930.2665,High
13466,707.0538,High
13468,7625.8867,VIP
13469,85.51502,Low
13472,596.15326,Medium
13473,2269.7744,VIP
13474,435.72125,Medium
13476,819.4423,High
13477,1356.3619,High
13478,2230.0933,VIP
13479,550.4134,Medium
13480,631.0135,Medium
13481,2088.0376,VIP
13482,152.14941,Low
13484,470.55777,Medium
13485,2614.2322,VIP
13487,267.2508,Low
13488,6479.47,VIP
13490,156.0399,Low
13491,3345.321,VIP
13495,3306.8176,VIP
13497,963.9318,High
13498,326.45898,Medium
13500,298.1214,Low
13501,1555.5497,High
13502,489.72775,Medium
13503,1705.2322,High
13506,1178.6542,High
13508,176.7604,Low
13509,136.15852,Low
13510,2730.4792,VIP
13511,283.4892,Low
13512,464.35822,Medium
13513,632.1576,Medium
13514,656.1211,Medium
13515,377.06052,Medium
13516,295.70547,Low
13519,220.2934,Low
13520,3335.9612,VIP
13523,1128.0867,High
13526,1159.8986,High
13527,2367.975,VIP
13530,403.9147,Medium
13531,1272.3408,High
13534,1863.848,VIP
13535,90.30268,Low
13537,714.49097,High
13538,1828.0183,VIP
13539,945.05945,High
13540,634.06946,Medium
13541,777.42737,High
13542,4036.015,VIP
13543,1434.704,High
13544,546.9663,Medium
13545,376.97003,Medium
13546,464.95462,Medium
13547,178.08951,Low
13548,226.39859,Low
13549,87.62243,Low
13550,345.87143,Medium
13551,152.33122,Low
13552,3272.486,VIP
13553,519.9392,Medium
13554,1630.9548,High
13555,4823.3765,VIP
13556,195.53056,Low
13557,2387.4934,VIP
13559,991.7523,High
13561,1667.5378,High
13562,3114.4812,VIP
13564,15470.431,VIP
13565,177.68655,Low
13566,825.3025,High
13567,1078.0149,High
13569,524.99524,Medium
13571,2442.897,VIP
13573,615.64264,Medium
13574,422.0376,Medium
13576,4854.7593,VIP
13577,1823.2957,VIP
13578,147.38995,Low
13579,1074.129,High
13580,106.74693,Low
13581,163.02908,Low
13582,242.13052,Low
13583,662.4387,Medium
13584,253.04584,Low
13585,667.67755,Medium
13586,131.08772,Low
13587,952.6541,High
13589,740.82666,High
13590,4302.019,VIP
13591,964.5573,High
13593,3370.9136,VIP
13594,137.29109,Low
13595,814.1363,High
13597,391.3711,Medium
13598,603.3493,Medium
13599,5104.363,VIP
13600,295.22272,Low
13601,488.02438,Medium
13602,605.5079,Medium
13604,712.0646,High
13605,519.6541,Medium
13607,404.51,Medium
13608,235.96776,Low
13609,167.23991,Low
13610,1042.1754,High
13611,2167.387,VIP
13612,823.1693,High
13613,1001.8394,High
13614,741.7827,High
13615,5542.431,VIP
13616,290.96094,Low
13617,728.4706,High
13619,231.78987,Low
13620,112.37771,Low
13622,661.68054,Medium
13623,1827.7079,VIP
13624,464.44833,Medium
13625,296.60468,Low
13626,456.29013,Medium
13627,606.8052,Medium
13628,310.71066,Medium
13629,5548.583,VIP
13632,1526.2878,High
13634,3436.7563,VIP
13635,1943.6158,VIP
13639,311.93607,Medium
13640,404.30374,Medium
13641,1001.53436,High
13642,160.67273,Low
13643,1635.1312,High
13646,325.30817,Medium
13647,1381.2109,High
13648,1815.9989,VIP
13649,1322.4463,High
13650,1413.9777,High
13651,132.26425,Low
13652,1493.6176,High
13653,152.05064,Low
13654,3598.8357,VIP
13655,1309.8856,High
13656,707.76855,Medium
13658,3389.8232,VIP
13659,3339.6675,VIP
13660,311.0112,Medium
13661,325.27988,Medium
13662,1364.2103,High
13663,1811.3661,VIP
13665,1706.69,High
13666,43.685165,Low
13668,6725.18,VIP
13669,197.76189,Low
13671,196.34549,Low
13672,234.87166,Low
13674,241.6942,Low
13676,245.6941,Low
13677,553.7998,Medium
13679,288.18073,Low
13680,7685.4707,VIP
13683,257.02014,Low
13684,532.77783,Medium
13686,336.17108,Medium
13687,11662.835,VIP
13688,371.81293,Medium
13689,345.56888,Medium
13691,213.03282,Low
13692,1661.7566,High
13693,2039.2715,VIP
13694,131177.73,VIP
13695,268.13007,Low
13696,2018.1005,VIP
13698,466.63962,Medium
13699,459.41718,Medium
13700,342.25327,Medium
13701,161.65671,Low
13702,136.15721,Low
13703,326.42587,Medium
13705,1316.483,High
13706,297.89,Low
13707,2543.7383,VIP
13709,1262.7467,High
13710,329.46472,Medium
13711,1552.8873,High
13712,541.54645,Medium
13713,745.0249,High
13714,162.03012,Low
13715,7267.997,VIP
13717,320.4984,Medium
13719,1774.7869,VIP
13721,216.36334,Low
13722,3296.2385,VIP
13723,991.34485,High
13724,212.78252,Low
13727,765.9095,High
13728,1854.8857,VIP
13729,735.3103,High
13733,487.73975,Medium
13734,6676.7583,VIP
13735,7124.948,VIP
13736,1974.8976,VIP
13738,433.48773,Medium
13739,74.87797,Low
13740,1250.1361,High
13745,469.53714,Medium
13746,178.03691,Low
13747,169.65283,Low
13748,1316.483,High
13750,2049.6697,VIP
13752,403.31717,Medium
13753,1333.5585,High
13754,163.72763,Low
13756,4071.9597,VIP
13757,197.11032,Low
13758,6191.2236,VIP
13760,1070.4463,High
13761,908.20325,High
13762,2186.1182,VIP
13763,3549.1719,VIP
13764,1475.045,High
13765,347.01657,Medium
13766,192.34613,Low
13767,18402.695,VIP
13768,899.6999,High
13769,3029.7585,VIP
13770,800.13995,High
13771,3112.2864,VIP
13772,1955.8878,VIP
13773,302.8158,Medium
13775,1044.7089,High
13776,633.1057,Medium
13777,27841.309,VIP
13778,930.5889,High
13779,161.59917,Low
13780,376.37753,Medium
13781,645.6749,Medium
13782,936.198,High
13783,1574.7383,High
13784,452.6551,Medium
13785,548.5065,Medium
13786,3136.4856,VIP
13787,922.7435,High
13788,3.8399582,Low
13789,237.4083,Low
13792,192.32115,Low
13793,94.00965,Low
13794,126.55169,Low
13795,876.6245,High
13796,292.77554,Low
13797,1191.6185,High
13798,31663.766,VIP
13799,2136.0232,VIP
13800,1129.2971,High
13802,21980.979,VIP
13803,1060.7566,High
13804,580.6348,Medium
13807,421.58194,Medium
13809,531.0585,Medium
13813,1389.9443,High
13814,677.3548,Medium
13815,3441.7202,VIP
13818,61.062584,Low
13819,1514.8641,High
13820,655.7621,Medium
13821,1024.7163,High
13823,2420.5725,VIP
13824,1622.4584,High
13825,257.22287,Low
13829,101.149284,Low
13830,156.62177,Low
13831,4793.5767,VIP
13832,571.6373,Medium
13833,313.61224,Medium
13834,324.11865,Medium
13835,270.22913,Low
13836,631.86237,Medium
13838,1267.685,High
13839,138.47937,Low
13840,653.32733,Medium
13842,2218.2786,VIP
13843,321.76334,Medium
13846,432.66684,Medium
13847,310.71066,Medium
13848,2079.6392,VIP
13849,1923.597,VIP
13851,1965.756,VIP
13852,182.37059,Low
13854,4080.1638,VIP
13855,1294.7449,High
13856,751.2493,High
13857,1005.3425,High
13859,310.99112,Medium
13861,270.5472,Low
13862,345.3921,Medium
13863,898.80914,High
13864,659.2856,Medium
13869,4989.066,VIP
13870,2913.5227,VIP
13871,1468.5426,High
13872,903.3579,High
13873,650.67847,Medium
13874,1468.3989,High
13875,3061.705,VIP
13877,330.3071,Medium
13878,1247.2799,High
13879,397.4763,Medium
13880,1182.4515,High
13881,28110.758,VIP
13883,3922.3835,VIP
13884,1092.3073,High
13888,1550.618,High
13889,1580.8022,High
13890,1061.6323,High
13891,844.51337,High
13892,643.78467,Medium
13895,1371.9241,High
13896,387.9098,Medium
13897,843.0946,High
13898,537.2658,Medium
13900,879.0219,High
13901,2802.7458,VIP
13902,33904.664,VIP
13903,165.87233,Low
13905,312.29153,Medium
13906,39.139862,Low
13907,137.4589,Low
13909,284.5584,Low
13911,1660.0695,High
13912,125.833595,Low
13913,44.237392,Low
13915,71.16781,Low
13916,1280.4309,High
13919,976.6977,High
13920,1745.7684,VIP
13921,737.3506,High
13922,705.5378,Medium
13927,365.42883,Medium
13929,2649.9094,VIP
13931,4147.2803,VIP
13935,6114.636,VIP
13936,555.37054,Medium
13937,727.57263,High
13939,971.6492,High
13941,5994.4277,VIP
13942,322.3595,Medium
13943,245.2704,Low
13944,200.73141,Low
13945,840.61487,High
13946,1307.9705,High
13948,452.60318,Medium
13952,9623.936,VIP
13953,3158.6877,VIP
13955,222.28973,Low
13957,463.99512,Medium
13958,4694.993,VIP
13959,472.92648,Medium
13961,538.6415,Medium
13962,195.54332,Low
13963,2364.9158,VIP
13964,439.75076,Medium
13965,1019.88025,High
13966,387.78796,Medium
13967,86.79049,Low
13968,121.76193,Low
13969,4273.3276,VIP
13970,842.1947,High
13971,1863.6968,VIP
13974,262.7002,Low
13975,2840.572,VIP
13976,825.31036,High
13977,520.1877,Medium
13979,2573.649,VIP
13980,588.63586,Medium
13981,332.3432,Medium
13982,2577.3726,VIP
13983,4489.4404,VIP
13984,1197.2115,High
13985,2895.375,VIP
13987,667.8603,Medium
13988,605.9334,Medium
13989,752.8182,High
13992,145.24767,Low
13993,3364.5332,VIP
13995,2516.036,VIP
13996,908.1915,High
13997,368.60596,Medium
13998,554.0245,Medium
13999,5603.439,VIP
14000,1397.3766,High
14001,2480.2112,VIP
14003,209.12428,Low
14004,1620.1794,High
14006,1259.1909,High
14007,79.43626,Low
14008,516.29846,Medium
14009,403.5023,Medium
14010,443.12903,Medium
14011,456.79434,Medium
14013,606.6322,Medium
14014,1432.2184,High
14016,7035.537,VIP
14017,229.73357,Low
14018,367.6894,Medium
14020,608.11426,Medium
14021,1078.6185,High
14022,347.50446,Medium
14024,312.23492,Medium
14025,4007.1396,VIP
14026,710.50696,Medium
14028,10423.738,VIP
14030,6043.704,VIP
14031,23651.684,VIP
14032,1849.4318,VIP
14033,110.901276,Low
14035,1412.7616,High
14037,688.30023,Medium
14038,1565.3569,High
14039,114.35271,Low
14040,9069.939,VIP
14042,432.68338,Medium
14043,302.163,Medium
14044,2565.9797,VIP
14045,9973.1045,VIP
14047,2921.0244,VIP
14048,340.94357,Medium
14049,7642.4956,VIP
14051,6871.71,VIP
14052,256.13718,Low
14053,309.7539,Medium
14055,811.0269,High
14057,2226.579,VIP
14058,467.67273,Medium
14060,3388.0098,VIP
14061,902.60187,High
14062,15177.729,VIP
14063,22689.102,VIP
14064,1980.1497,VIP
14065,892.80225,High
14068,1276.324,High
14069,229.72026,Low
14070,326.45898,Medium
14072,387.98862,Medium
14074,220.10512,Low
14075,795.98834,High
14077,115.7518,Low
14078,644.7148,Medium
14079,244.28491,Low
14080,1070.7284,High
14081,4399.5986,VIP
14082,228.88358,Low
14083,383.19086,Medium
14084,148.53917,Low
14085,5520.772,VIP
14086,39.879513,Low
14087,651.1252,Medium
14088,5713.933,VIP
14091,9505.626,VIP
14092,3148.1438,VIP
14094,333.23788,Medium
14095,5.4694605,Low
14097,426.2467,Medium
14099,2637.436,VIP
14101,3976.2212,VIP
14103,0.0030982366,Low
14104,551.97107,Medium
14105,4546.9634,VIP
14106,213.9114,Low
14107,2203.4832,VIP
14108,445.82483,Medium
14110,7282.653,VIP
14112,2896.4746,VIP
14113,5224.611,VIP
14114,979.9862,High
14115,632.16364,Medium
14118,463.4172,Medium
14119,183.71558,Low
14122,361.36346,Medium
14123,434.1004,Medium
14126,467.3383,Medium
14127,1239.1212,High
14128,282.56094,Low
14129,1412.3323,High
14130,1364.8738,High
14131,182.8205,Low
14133,308.2581,Low
14134,11064.478,VIP
14135,4824.4575,VIP
14136,1578.2466,High
14137,333.59747,Medium
14139,662.0115,Medium
14142,669.43994,Medium
14144,31.492516,Low
14145,3877.1665,VIP
14146,5152.852,VIP
14147,2141.2837,VIP
14148,310.6866,Low
14151,671.2204,Medium
14152,1362.0768,High
14153,234.57706,Low
14154,5127.244,VIP
14156,144806.5,VIP
14157,553.5842,Medium
14159,3149.6997,VIP
14160,8381.362,VIP
14161,2250.3718,VIP
14163,148.93552,Low
14166,256.69467,Low
14167,733.4154,High
14168,376.38113,Medium
14169,632.1576,Medium
14170,601.49,Medium
14171,136.32494,Low
14172,410.16077,Medium
14173,137.5248,Low
14175,4448.7803,VIP
14176,340.48816,Medium
14177,1645.8247,High
14180,1541.6847,High
14181,307.04358,Medium
14182,670.60175,Medium
14183,283.61295,Low
14186,1552.6124,High
14187,121.04275,Low
14189,1138.0198,High
14190,80.30389,Low
14191,140.21587,Low
14192,294.88065,Low
14193,366.06995,Medium
14194,7394.5107,VIP
14195,1614.3812,High
14197,387.9202,Medium
14198,873.83014,High
14199,903.706,High
14200,383.5013,Medium
14201,452.60318,Medium
14202,851.51544,High
14203,337.61795,Medium
14204,902.94147,High
14205,1924.3514,VIP
14206,838.9695,High
14207,156.93489,Low
14208,411.8576,Medium
14209,2984.4958,VIP
14210,4014.233,VIP
14211,2158.683,VIP
14212,1091.7803,High
14213,1180.1829,High
14215,1613.6218,High
14216,312.26733,Medium
14217,1403.163,High
14219,543.45984,Medium
14220,904.84,High
14221,3062.3564,VIP
14224,876.4383,High
14225,2043.5265,VIP
14226,746.84845,High
14227,3008.4824,VIP
14228,742.984,High
14229,1057.9863,High
14230,1000.6613,High
14231,310.35696,Medium
14233,1490.9993,High
14235,1611.6791,High
14236,1260.065,High
14237,465.07663,Medium
14238,282.6233,Low
14239,1879.6521,VIP
14240,366.12946,Medium
14241,119.27423,Low
14243,4916.68,VIP
14244,369.41473,Medium
14247,624.7641,Medium
14248,737.7274,High
14249,5685.0713,VIP
14252,348.77655,Medium
14253,374.81006,Medium
14254,596.8313,Medium
14255,992.27936,High
14256,1512.0983,High
14257,2832.3079,VIP
14258,24388.03,VIP
14260,821.20667,High
14263,324.38632,Medium
14264,1179.3964,High
14265,842.76544,High
14266,39.792355,Low
14268,347.5681,Medium
14269,294.7633,Low
14271,106.478714,Low
14272,484.3171,Medium
14274,256.73328,Low
14275,1178.2223,High
14276,971.2347,High
14277,13134.994,VIP
14278,209.16667,Low
14279,195.37085,Low
14281,244.98534,Low
14282,4228.041,VIP
14283,618.65533,Medium
14284,712.0646,High
14285,1357.4264,High
14286,3892.3564,VIP
14290,2221.8699,VIP
14291,3868.3335,VIP
14292,4398.6,VIP
14293,2226.8914,VIP
14294,374.20145,Medium
14295,2212.9092,VIP
14296,450.8341,Medium
14298,39837.17,VIP
14299,10602.232,VIP
14301,1324.8112,High
14302,742.984,High
14303,272.55798,Low
14304,1336.5209,High
14306,1067.9728,High
14307,2106.0752,VIP
14308,1137.0262,High
14309,1423.9232,High
14310,487.4753,Medium
14311,208.2039,Low
14312,1466.9451,High
14314,110.15526,Low
14315,712.7698,High
14316,1358.4282,High
14318,156.742,Low
14319,488.35165,Medium
14320,880.8471,High
14321,705.5378,Medium
14322,488.5379,Medium
14324,708.64105,Medium
14325,245.2704,Low
14326,746.45917,High
14327,1582.5886,High
14328,458.59903,Medium
14329,5016.3423,VIP
14330,200.65852,Low
14332,1071.9974,High
14334,1748.9022,VIP
14338,341.6196,Medium
14339,312.40466,Medium
14341,2211.5923,VIP
14342,250.97833,Low
14343,1104.9421,High
14344,2456.3481,VIP
14346,1310.1907,High
14347,85.23981,Low
14350,700.31726,Medium
14353,283.61295,Low
14355,852.4542,High
14358,392.98135,Medium
14361,213.80998,Low
14363,229.89316,Low
14365,640.08496,Medium
14366,137.39294,Low
14369,467.12976,Medium
14370,1186.7589,High
14372,852.086,High
14374,105.875206,Low
14375,899.62946,High
14376,215.71196,Low
14378,131.09402,Low
14379,921.80096,High
14380,48.63153,Low
14381,429.0356,Medium
14382,618.3986,Medium
14384,57.097454,Low
14388,3387.929,VIP
14389,856.96704,High
14390,1777.2145,VIP
14391,137.18437,Low
14392,264.51813,Low
14394,94.0964,Low
14395,4837.84,VIP
14396,1632.8999,High
14398,709.8518,Medium
14399,2142.0479,VIP
14400,1150.5519,High
14401,2592.6929,VIP
14402,283.94376,Low
14403,415.5628,Medium
14404,1514.2224,High
14405,196.41637,Low
14408,1486.109,High
14409,1680.0905,High
14410,1589.5752,High
14412,654.5419,Medium
14413,647.93823,Medium
14414,891.31903,High
14415,6225.7183,VIP
14417,595.6779,Medium
14419,200.9965,Low
14420,1272.0323,High
14421,1616.4307,High
14422,6021.947,VIP
14423,650.2628,Medium
14425,655.9444,Medium
14426,7159.2065,VIP
14427,904.9536,High
14429,516.9671,Medium
14430,1258.3896,High
14431,2162.2698,VIP
14433,292.8292,Low
14435,91.54356,Low
14436,181.95102,Low
14437,903.2363,High
14439,6767.056,VIP
14440,4357.673,VIP
14441,2899.8865,VIP
14442,3635.234,VIP
14443,969.1521,High
14444,131.0454,Low
14445,223.23283,Low
14446,200.9448,Low
14447,546.36646,Medium
14449,1588.156,High
14450,645.8405,Medium
14451,2621.415,VIP
14452,392.74188,Medium
14454,973.6581,High
14455,615.6941,Medium
14458,236.97295,Low
14459,3956.2183,VIP
14460,653.6969,Medium
14461,4565.735,VIP
14462,264.51813,Low
14463,256.063,Low
14464,118.09711,Low
14465,2842.7598,VIP
14466,2345.3435,VIP
14467,1625.9861,High
14468,201.57932,Low
14469,2089.973,VIP
14470,252.12552,Low
14471,395.76044,Medium
14472,293.35788,Low
14474,732.4901,High
14475,226.72185,Low
14477,655.9444,Medium
14478,1277.6135,High
14479,987.32666,High
14480,1030.7218,High
14481,1685.4473,High
14482,2292.2673,VIP
14483,119.27423,Low
14484,749.1321,High
14486,175.40012,Low
14487,256.22644,Low
14489,1108.2292,High
14490,1299.8752,High
14491,127.14902,Low
14492,1922.0476,VIP
14493,2701.4219,VIP
14494,262.6924,Low
14495,49.87855,Low
14496,2143.7654,VIP
14497,223.51538,Low
14498,1964.6656,VIP
14499,1294.7251,High
14505,6106.744,VIP
14506,1279.2534,High
14507,1923.2308,VIP
14508,605.81915,Medium
14509,110.79781,Low
14510,1019.7459,High
14512,944.0504,High
14513,326.57578,Medium
14514,3498.187,VIP
14515,1632.1257,High
14516,163.66936,Low
14519,207.78375,Low
14521,199.98865,Low
14522,764.2638,High
14524,1070.7284,High
14525,3881.7776,VIP
14526,261.14462,Low
14527,18993.32,VIP
14530,3268.2837,VIP
14531,374.7846,Medium
14532,2925.3289,VIP
14533,1576.7616,High
14534,1848.704,VIP
14535,3131.681,VIP
14537,282.4359,Low
14538,1001.50903,High
14540,2788.2126,VIP
14541,1020.7968,High
14543,11310.738,VIP
14544,963.94147,High
14545,345.76062,Medium
14546,2584.0327,VIP
14548,2049.004,VIP
14549,617.23755,Medium
14550,596.1689,Medium
14551,684.65594,High
14552,343.30585,Medium
14553,969.04706,High
14555,2017.7019,VIP
14556,823.16656,High
14558,651.2374,Medium
14559,75.76961,Low
14560,3888.4783,VIP
14562,1661.5132,High
14563,665.60156,Medium
14564,2605.382,VIP
14565,742.5985,High
14566,2693.8516,VIP
14568,939.3243,High
14569,365.1834,Medium
14570,397.44135,Medium
14571,162.26764,Low
14572,2846.6418,VIP
14573,970.1426,High
14574,145.01215,Low
14575,461.42334,Medium
14576,36.27485,Low
14577,523.68585,Medium
14579,104.35778,Low
14580,14.349142,Low
14581,294.8581,Low
14583,732.29285,High
14584,704.7098,High
14585,966.326,High
14588,136.05267,Low
14589,39.09276,Low
14590,3007.682,VIP
14593,3068.8958,VIP
14594,254.74391,Low
14595,426.2426,Medium
14596,228.60257,Low
14597,1293.0938,High
14598,162.20256,Low
14599,464.90286,Medium
14600,467.7715,Medium
14602,202.56255,Low
14604,144.74747,Low
14605,950.52057,High
14606,18702.926,VIP
14607,7598.109,VIP
14608,1579.911,High
14609,845.8784,High
14610,28.289679,Low
14611,609.26,Medium
14612,883.0246,High
14613,76.40556,Low
14614,295.4598,Low
14615,945.5725,High
14616,122.331,Low
14617,195.94147,Low
14618,790.6644,High
14619,880.35565,High
14621,1199.6285,High
14623,1177.8085,High
14624,589.51514,Medium
14625,3486.7827,VIP
14626,2616.0361,VIP
14627,463.81067,Medium
14628,1318.7642,High
14630,336.29346,Medium
14631,1033.369,High
14634,2099.147,VIP
14635,215.20961,Low
14637,105.85065,Low
14639,2022.4501,VIP
14640,1573.2115,High
14643,1002.4067,High
14644,1433.5851,High
14645,281.8208,Low
14646,248509.1,VIP
14647,280.38446,Low
14648,4512.268,VIP
14649,2358.7798,VIP
14650,60.025272,Low
14651,1365.741,High
14653,1707.0719,High
14654,245.92807,Low
14655,1929.5244,VIP
14656,523.8558,Medium
14657,610.4061,Medium
14662,646.7381,Medium
14663,489.80496,Medium
14665,923.35645,High
14667,12816.915,VIP
14668,112.495895,Low
14669,1989.0135,VIP
14670,191.67548,Low
14671,1135.5366,High
14672,344.62836,Medium
14673,1676.5631,High
14674,171.73534,Low
14675,464.44833,Medium
14676,5803.814,VIP
14677,183.49939,Low
14678,403.70352,Medium
14679,1281.3203,High
14680,28725.12,VIP
14681,364.4534,Medium
14682,1416.9095,High
14683,147.22751,Low
14684,233.74033,Low
14685,4673.871,VIP
14686,894.5701,High
14687,773.956,High
14688,2067.254,VIP
14690,422.1094,Medium
14692,1163.9171,High
14693,994.07367,High
14694,244.19685,Low
14695,1608.6222,High
14696,701.544,Medium
14699,609.05286,Medium
14700,901.0224,High
14701,2057.31,VIP
14702,3433.9675,VIP
14704,266.93042,Low
14706,388.40637,Medium
14707,138.12447,Low
14708,1089.6345,High
14709,3837.6948,VIP
14710,1271.5845,High
14712,407.43817,Medium
14713,2767.4307,VIP
14714,745.0249,High
14715,965.02155,High
14716,235.95421,Low
14717,80.63876,Low
14718,226.20946,Low
14721,116.764206,Low
14722,325.14532,Medium
14723,941.7199,High
14724,344.4987,Medium
14725,605.34247,Medium
14726,125.99639,Low
14727,196.285,Low
14728,192.40865,Low
14729,601.49,Medium
14732,2805.1628,VIP
14733,6707.9023,VIP
14734,1069.2892,High
14735,6181.0215,VIP
14736,394.23395,Medium
14737,2398.7554,VIP
14738,507.77557,Medium
14739,8262.6045,VIP
14740,2584.3716,VIP
14741,502.3294,Medium
14742,581.1548,Medium
14743,47.651024,Low
14744,2738.176,VIP
14745,1360.9592,High
14746,589.5281,Medium
14748,1737.7443,VIP
14749,310.42587,Medium
14750,112.585014,Low
14751,124.5752,Low
14753,307.90717,Low
14754,929.3637,High
14755,5309.571,VIP
14756,1944.4691,VIP
14758,1351.7698,High
14761,192.83575,Low
14762,115.64429,Low
14766,4124.402,VIP
14767,383.9504,Medium
14769,5096.0146,VIP
14770,2795.6306,VIP
14771,598.2055,Medium
14773,138.95233,Low
14774,241.62975,Low
14775,404.95615,Medium
14776,1171.8804,High
14777,307.2931,Low
14783,307.66718,Low
14784,163.86742,Low
14786,91.44979,Low
14787,110.85993,Low
14788,470.43256,Medium
14790,1773.733,VIP
14791,306.28015,Low
14793,397.10367,Medium
14794,627.6693,Medium
14796,2798.3496,VIP
14797,298.18445,Low
14798,551.58704,Medium
14799,180.18777,Low
14800,3456.741,VIP
14802,1558.8872,High
14805,553.67865,Medium
14806,110.91435,Low
14807,517.8508,Medium
14809,703.1636,Medium
14810,451.74164,Medium
14811,169.68164,Low
14812,183.49939,Low
14813,939.7512,High
14814,161.6747,Low
14817,2954.2717,VIP
14818,515.121,Medium
14819,194.32994,Low
14820,790.2489,High
14821,1229.994,High
14822,156.7435,Low
14824,2860.1616,VIP
14825,2735.7034,VIP
14826,391.86627,Medium
14827,0.0030982366,Low
14828,7745.106,VIP
14829,964.59,High
14831,1689.9542,High
14832,322.06143,Medium
14833,94.192856,Low
14834,487.88077,Medium
14835,297.62076,Medium
14837,1829.7548,VIP
14838,776.4566,High
14839,899.5659,High
14840,298.19873,Low
14841,3839.0242,VIP
14843,212.26143,Low
14844,3498.187,VIP
14845,149.10075,Low
14846,434.436,Medium
14847,1035.416,High
14848,311.49377,Medium
14849,7813.5317,VIP
14850,1471.8945,High
14851,314.6191,Medium
14852,3356.445,VIP
14853,903.706,High
14854,1611.1854,High
14855,5790.7144,VIP
14857,2459.9292,VIP
14858,179.70064,Low
14859,348.16132,Medium
14861,1239.3726,High
14865,77.46052,Low
14866,6264.419,VIP
14867,2340.0464,VIP
14868,1250.502,High
14869,2075.0972,VIP
14870,1492.707,High
14871,724.87897,High
14872,814.4325,High
14873,333.6418,Medium
14874,115.32802,Low
14875,1395.2338,High
14876,258.30435,Low
14877,436.2597,Medium
14878,2422.1355,VIP
14879,183.099,Low
14882,3052.0234,VIP
14884,120.14128,Low
14885,835.97485,High
14890,703.1636,Medium
14891,551.0932,Medium
14892,201.57932,Low
14893,574.5281,Medium
14894,839.85187,High
14895,13742.238,VIP
14896,1647.227,High
14897,1747.2476,VIP
14898,2210.687,VIP
14899,1392.8351,High
14900,13.844029,Low
14901,874.6252,High
14902,710.15625,Medium
14904,611.0368,Medium
14905,1338.2045,High
14906,68.065605,Low
14907,2665.7292,VIP
14908,104.19257,Low
14909,1362.7418,High
14911,51793.766,VIP
14912,1021.6679,High
14913,2780.5278,VIP
14915,1493.5299,High
14916,1745.7684,VIP
14917,1131.5425,High
14918,4361.4277,VIP
14919,364.58917,Medium
14920,629.99445,Medium
14922,840.61487,High
14924,630.39746,Medium
14926,349.62488,Medium
14927,308.0162,Low
14928,224.38875,Low
14929,614.77295,Medium
14930,2860.6445,VIP
14932,664.43414,Medium
14933,1737.6936,VIP
14934,1598.6583,High
14935,1049.0265,High
14936,4427.127,VIP
14938,2352.6294,VIP
14940,533.1768,Medium
14941,181.42686,Low
14942,744.3941,High
14943,106.84439,Low
14944,3855.289,VIP
14945,178.17929,Low
14947,749.5632,High
14949,508.73502,Medium
14952,8811.254,VIP
14953,732.8427,High
14954,166.61342,Low
14955,163.68686,Low
14956,1287.5902,High
14957,275.2722,Low
14958,467.3162,Medium
14961,9440.113,VIP
14962,232.30693,Low
14963,1665.8234,High
14966,923.31104,High
14967,1546.4382,High
14968,365.42883,Medium
14969,895.5439,High
14970,3333.639,VIP
14972,30.48826,Low
14975,193.01672,Low
14977,31.951313,Low
14978,1205.109,High
14979,433.5184,Medium
14980,152.28026,Low
14981,269.54297,Low
14982,238.34619,Low
14983,182.99808,Low
14984,1069.5061,High
14986,553.99005,Medium
14987,1381.2418,High
14988,1723.9187,VIP
14989,342.01013,Medium
14990,307.87506,Medium
14991,311.074,Medium
14992,212.52559,Low
14993,36.560696,Low
14994,979.99506,High
14996,438.8876,Medium
14997,229.21167,Low
14998,341.08725,Medium
14999,130.61882,Low
15001,230.47234,Low
15002,3163.1687,VIP
15003,1044.8466,High
15005,7719.4927,VIP
15006,323.57635,Medium
15008,350.29092,Medium
15011,414.6313,Medium
15012,435.5676,Medium
15013,1670.3217,High
15015,1782.6129,VIP
15016,459.4117,Medium
15018,112.18811,Low
15020,200.65102,Low
15021,910.13153,High
15022,282.69064,Low
15023,5469.9746,VIP
15024,2417.668,VIP
15025,632.95514,Medium
15026,598.59076,Medium
15027,2142.749,VIP
15028,528.7773,Medium
15029,366.27094,Medium
15030,1451.0057,High
15031,2511.8242,VIP
15032,8865.5,VIP
15034,4124.3706,VIP
15037,395.15662,Medium
15038,589.7726,Medium
15039,20194.8,VIP
15040,7.4477224,Low
15041,112.495895,Low
15042,179.59442,Low
15043,2350.018,VIP
15044,8274.031,VIP
15046,2603.5173,VIP
15048,99.599365,Low
15050,2502.049,VIP
15051,2559.6155,VIP
15055,554.26483,Medium
15056,131.58661,Low
15057,1682.7274,VIP
15058,1277.2032,High
15059,2185.5112,VIP
15061,81852.234,VIP
15062,1621.8337,High
15064,1253.415,High
15065,168.72784,Low
15067,2111.8323,VIP
15068,632.7593,Medium
15070,740.0789,High
15071,467.52124,Medium
15072,182.41284,Low
15073,1777.3239,High
15074,827.1872,High
15076,559.5444,Medium
15077,2488.983,VIP
15078,6859.451,VIP
15079,2802.6108,VIP
15080,550.14264,Medium
15081,1498.8815,High
15082,93.79542,Low
15084,973.4829,High
15085,344.9758,Medium
15086,222.21754,Low
15091,562.6355,Medium
15092,312.6202,Medium
15093,10003.78,VIP
15094,76.589,Low
15095,1776.6093,VIP
15097,660.47174,Medium
15100,2047.8743,VIP
15101,1160.0863,High
15102,555.10767,Medium
15105,812.4096,High
15107,608.5347,Medium
15109,501.92276,Medium
15110,508.2156,Medium
15111,1185.138,High
15112,208.68129,Low
15114,639.58136,Medium
15115,192.16524,Low
15117,898.6362,High
15122,2840.3564,VIP
15123,2435.3154,VIP
15124,265.6621,Low
15125,5218.052,VIP
15126,444.53745,Medium
15127,306.8094,Low
15128,311.93607,Medium
15129,3453.837,VIP
15131,80.46711,Low
15133,828.6825,High
15134,209.52524,Low
15135,166.72351,Low
15137,827.3914,High
15138,512.5262,Medium
15140,887.05774,High
15141,1377.9226,High
15142,2127.773,VIP
15143,306.57993,Low
15144,5659.966,VIP
15149,1052.6316,High
15150,3604.312,VIP
15151,2101.4155,VIP
15152,519.9392,Medium
15154,1085.1355,High
15155,383.50076,Medium
15157,711.91156,High
15158,201.0049,Low
15159,3431.276,VIP
15160,435.7702,Medium
15161,119.204575,Low
15162,312.29153,Medium
15164,1184.966,High
15165,485.53125,Medium
15166,167.22916,Low
15167,1476.297,High
15169,556.93665,Medium
15170,81.251564,Low
15173,1563.511,High
15174,345.60458,Medium
15176,999.97284,High
15177,945.34326,High
15179,5238.4683,VIP
15180,816.16345,High
15181,510.25128,Medium
15182,2361.2656,VIP
15183,646.3212,Medium
15184,288.08667,Low
15186,1006.7495,High
15188,310.71066,Medium
15189,1291.1207,High
15190,821.26746,High
15191,576.98456,Medium
15192,912.3003,High
15194,5048.7974,VIP
15196,323.9793,Medium
15197,798.8612,High
15198,366.47974,Medium
15199,1826.0771,VIP
15200,545.55304,Medium
15201,609.26,Medium
15202,5920.918,VIP
15203,2558.1519,VIP
15207,666.5412,Medium
15208,101.03415,Low
15209,178.3818,Low
15210,838.092,High
15211,384.32358,Medium
15212,106.009575,Low
15215,1623.3582,High
15216,387.9098,Medium
15217,422.97845,Medium
15218,5797.7114,VIP
15219,384.9293,Medium
15221,2066.0254,VIP
15222,2975.0198,VIP
15223,655.61273,Medium
15224,549.4952,Medium
15227,1275.9994,High
15228,2197.7847,VIP
15229,161.6747,Low
15231,251.65498,Low
15233,55.714947,Low
15235,685.23486,Medium
15240,2730.4792,VIP
15241,1307.8425,High
15242,298.3764,Low
15243,614.19006,Medium
15244,282.49634,Low
15245,2118.5376,VIP
15246,264.60324,Low
15247,630.9689,Medium
15248,1900.0975,VIP
15249,2507.5083,VIP
15250,60.17517,Low
15251,9721.227,VIP
15252,1340.3179,High
15253,1115.1757,High
15254,777.82574,High
15255,2831.453,VIP
15256,70.33274,Low
15257,370.4287,Medium
15259,1178.6406,High
15260,7459.029,VIP
15261,1274.6271,High
15262,241.72858,Low
15264,458.4246,Medium
15265,1836.7133,VIP
15266,734.1852,High
15268,954.1227,High
15269,825.27057,High
15270,6154.0845,VIP
15271,2198.7444,VIP
15272,1338.8246,High
15273,229.29851,Low
15276,523.68585,Medium
15277,220.68733,Low
15278,505.6693,Medium
15279,1305.8339,High
15280,296.41074,Medium
15281,6264.4785,VIP
15282,345.60608,Medium
15283,145.97739,Low
15284,24.907923,Low
15285,95.251785,Low
15287,363.65808,Medium
15288,1576.4027,High
15289,657.0216,Medium
15290,2560.192,VIP
15291,8971.103,VIP
15293,246.08095,Low
15294,234.91924,Low
15295,217.06815,Low
15296,6324.6436,VIP
15298,4566.584,VIP
15299,3460.3503,VIP
15301,2532.8552,VIP
15302,307.70544,Low
15303,650.04395,Medium
15304,226.00728,Low
15305,94.0964,Low
15306,2285.5674,VIP
15309,814.5974,High
15310,1632.1,High
15311,40990.01,VIP
15312,1989.0098,VIP
15314,491.01382,Medium
15317,130.33319,Low
15321,3995.6162,VIP
15322,707.49384,High
15323,440.0661,Medium
15324,138.6486,Low
15325,1410.4216,High
15326,1378.333,High
15328,106.84166,Low
15329,1950.7521,VIP
15331,762.5332,High
15332,4902.0186,VIP
15336,241.71387,Low
15337,372.52167,Medium
15338,283.4892,Low
15339,1262.0184,High
15340,105.462654,Low
15341,384.1006,Medium
15346,344.82635,Medium
15347,1167.5996,High
15350,551.2167,Medium
15351,1740.9932,VIP
15352,114.477684,Low
15353,2390.5945,VIP
15354,288.34872,Low
15356,689.31665,Medium
15358,8708.521,VIP
15359,180.79001,Low
15361,267.42813,Low
15362,609.4221,Medium
15363,669.7002,Medium
15365,2282.864,VIP
15366,1823.3958,VIP
15367,3250.9292,VIP
15368,279.16168,Low
15369,6219.059,VIP
15370,1356.3768,High
15371,58.45036,Low
15372,4040.73,VIP
15373,1001.24945,High
15374,138.5294,Low
15375,60.94967,Low
15377,1197.2213,High
15378,245.14397,Low
15379,1185.0491,High
15380,1845.1538,VIP
15381,1310.1907,High
15382,7728.687,VIP
15384,1371.261,High
15385,631.6186,Medium
15387,467.52347,Medium
15389,2184.9724,VIP
15390,1211.73,High
15391,292.4454,Low
15392,1354.3344,High
15393,658.0296,Medium
15394,3141.034,VIP
15396,514.57196,Medium
15400,571.44025,Medium
15401,225.35852,Low
15402,1199.2782,High
15403,170.22078,Low
15404,257.52817,Low
15405,312.1519,Medium
15406,464.836,Medium
15409,131.20688,Low
15410,1230.5524,High
15413,6793.5586,VIP
15416,576.98456,Medium
15418,444.69574,Medium
15420,752.908,High
15421,2862.7834,VIP
15422,1541.8665,High
15423,225.127,Low
15424,213.99536,Low
15425,1964.6582,VIP
15426,1169.2413,High
15428,661.60284,Medium
15430,927.54834,High
15431,152.05064,Low
15432,148.64003,Low
15434,1484.9912,High
15437,195.27144,Low
15439,1280.3411,High
15441,1277.7391,High
15443,1930.2352,VIP
15445,169.37639,Low
15446,413.9552,Medium
15447,338.67203,Medium
15448,294.74905,Low
15451,229.43407,Low
15452,1274.7305,High
15454,127.87001,Low
15455,38.91967,Low
15456,1657.9211,High
15458,208.04126,Low
15459,197.65056,Low
15461,431.5838,Medium
15462,494.6692,Medium
15465,5388.0425,VIP
15466,1262.516,High
15468,978.6348,High
15469,335.23172,Medium
15470,60.025272,Low
15471,838.537,High
15473,275.87158,Low
15474,163.17542,Low
15476,2217.2883,VIP
15477,371.43695,Medium
15478,587.1625,Medium
15479,147.52197,Low
15480,5499.365,VIP
15481,1992.156,VIP
15482,3523.3552,VIP
15483,606.02026,Medium
15484,1059.9984,High
15485,3218.9766,VIP
15486,99.84705,Low
15487,229.21309,Low
15488,339.0292,Medium
15489,1279.839,High
15490,216.564,Low
15493,2440.189,VIP
15494,2427.5374,VIP
15495,243.29077,Low
15496,147.25275,Low
15497,7385.432,VIP
15498,12289.597,VIP
15499,161.98723,Low
15501,397.16498,Medium
15502,3604.13,VIP
15503,120.14128,Low
15504,367.47427,Medium
15506,1066.405,High
15509,166.35362,Low
15512,210.10637,Low
15513,12969.777,VIP
15514,2480.8467,VIP
15515,171.62508,Low
15518,2268.6497,VIP
15519,343.73264,Medium
15521,4141.319,VIP
15523,16813.77,VIP
15524,152.14941,Low
15525,465.07663,Medium
15527,3088.739,VIP
15529,1125.4763,High
15530,311.82535,Medium
15532,2177.0544,VIP
15534,162.81914,Low
15535,552.1863,Medium
15536,258.3125,Low
15538,3327.6465,VIP
15540,244.19557,Low
15542,902.2736,High
15543,114.44069,Low
15544,4558.5894,VIP
15545,137.67482,Low
15546,1068.8683,High
15547,5196.842,VIP
15548,157.27838,Low
15549,651.07104,Medium
15550,1661.139,High
15551,1326.4287,High
15552,162.67929,Low
15555,7178.181,VIP
15558,213.25247,Low
15559,1087.509,High
15560,155.2749,Low
15561,1152.3978,High
15562,538.55273,Medium
15563,1490.8833,High
15564,76.589,Low
15566,229.80367,Low
15569,2233.2063,VIP
15570,5179.882,VIP
15571,3374.8906,VIP
15572,1517.8683,High
15573,613.279,Medium
15574,813.82733,High
15575,30.310396,Low
15577,144.42036,Low
15579,948.85645,High
15580,1412.029,High
15581,4121.9634,VIP
15583,106.26158,Low
15584,551.7736,Medium
15586,1175.6537,High
15587,614.433,Medium
15588,583.69727,Medium
15590,1484.8679,High
15591,217.58836,Low
15595,364.51022,Medium
15596,1731.1613,VIP
15597,238.34619,Low
15598,307.8169,Low
15599,486.0505,Medium
15600,1199.8662,High
15601,8195.411,VIP
15602,1940.5259,VIP
15603,38.87147,Low
15605,729.34485,High
15606,2299.0945,VIP
15607,1624.6545,High
15608,682.89594,Medium
15611,1920.9869,High
15613,433.133,Medium
15614,3284.5994,VIP
15615,11440.825,VIP
15616,314.72238,Medium
15617,819.726,High
15620,387.9202,Medium
15622,4178.257,VIP
15623,2173.553,VIP
15625,1756.8179,VIP
15626,388.20218,Medium
15627,559.53906,Medium
15628,2775.0356,VIP
15629,2222.7266,VIP
15630,294.21295,Low
15631,597.1638,Medium
15633,4322.2524,VIP
15634,311.8428,Medium
15635,100.84662,Low
15636,713.12555,High
15637,574.5706,Medium
15638,2280.0767,VIP
15639,642.3569,Medium
15640,11184.53,VIP
15641,3511.8423,VIP
15642,105.85065,Low
15645,441.97507,Medium
15646,528.7063,Medium
15647,168.70738,Low
15649,1352.0104,High
15650,554.05145,Medium
15651,610.9335,Medium
15652,1079.7239,High
15658,1400.9077,High
15659,227.35796,Low
15660,1203.5446,High
15661,920.2323,High
15662,282.6233,Low
15664,875.33276,High
15665,1730.2513,VIP
15666,642.1241,Medium
15670,152.14212,Low
15672,49.49925,Low
15673,3421.5452,VIP
15674,4462.704,VIP
15675,217.777,Low
15677,647.83704,Medium
15678,1554.1904,High
15680,3141.157,VIP
15681,1556.0054,High
15682,322.13693,Medium
15683,332.0547,Medium
15684,172.72409,Low
15685,56.28886,Low
15686,90.3976,Low
15688,192.58267,Low
15689,268.39777,Low
15691,438.93228,Medium
15693,37.958965,Low
15694,4262.466,VIP
15695,731.25476,High
15696,1173.1763,High
15697,245.92807,Low
15698,46.93572,Low
15702,140.41243,Low
15704,1559.8032,High
15708,1014.1653,High
15709,195.80815,Low
15710,885.16223,High
15711,427.63226,Medium
15712,2368.0598,VIP
15713,650.51166,Medium
15714,454.57098,Medium
15715,659.0183,Medium
15716,1952.8481,VIP
15717,459.81604,Medium
15718,294.17804,Low
15719,5107.0757,VIP
15720,146.06277,Low
15722,3067.2275,VIP
15723,743.3463,High
15724,92.08052,Low
15726,320.83954,Medium
15727,4237.032,VIP
15728,549.0027,Medium
15729,112.45272,Low
15730,609.4789,Medium
15731,125.88271,Low
15732,1408.0714,High
15734,928.05237,High
15735,326.61874,Medium
15736,1818.6755,VIP
15738,8574.965,VIP
15741,208.02133,Low
15742,156.80008,Low
15747,1579.1897,High
15748,464.836,Medium
15750,4225.489,VIP
15751,1387.6804,High
15752,1572.0079,High
15754,2604.869,VIP
15755,3633.9302,VIP
15757,2190.581,VIP
15759,580.21564,Medium
15760,9445.066,VIP
15761,146.01566,Low
15764,1214.7269,High
15765,370.58817,Medium
15766,514.9463,Medium
15768,14934.938,VIP
15769,38309.06,VIP
15770,321.75058,Medium
15771,1013.51685,High
15772,282.09808,Low
15773,139.84654,Low
15774,993.42145,High
15775,47.47907,Low
15777,711.2463,Medium
15778,307.35513,Low
15779,123.62857,Low
15782,1398.8396,High
15784,842.76544,High
15785,3633.9302,VIP
15786,3549.1719,VIP
15788,223.23497,Low
15789,1590.0758,High
15791,2003.7704,VIP
15792,930.38904,High
15793,1439.1931,High
15794,777.94977,High
15795,1377.1404,High
15796,2457.4192,VIP
15797,608.7394,Medium
15798,1545.3192,High
15799,540.91504,Medium
15800,552.47546,Medium
15803,1523.9373,High
15805,4674.522,VIP
15807,924.994,High
15808,16101.387,VIP
15809,738.9056,High
15810,1620.0132,High
15811,1690.5178,High
15812,3371.7175,VIP
15814,706.3461,Medium
15816,148.10376,Low
15817,2781.9353,VIP
15818,341.947,Medium
15819,2057.31,VIP
15822,958.11835,High
15823,3906.1672,VIP
15824,907.23047,High
15826,939.67096,High
15827,1970.3567,VIP
15828,1097.7902,High
15833,80.777115,Low
15834,1541.2802,High
15837,383.13516,Medium
15838,40058.33,VIP
15841,1548.3875,High
15842,552.03937,Medium
15845,715.9954,Medium
15846,106.2241,Low
15847,440.4743,Medium
15848,138.5294,Low
15850,824.8731,High
15851,110.79781,Low
15852,99.116615,Low
15854,2541.286,VIP
15855,341.0672,Medium
15856,15277.283,VIP
15857,275.24387,Low
15858,2524.0107,VIP
15859,433.65622,Medium
15860,1542.818,High
15861,1251.2666,High
15862,2039.5614,VIP
15863,290.31485,Low
15864,244.24094,Low
15865,1359.0681,High
15867,5163.706,VIP
15868,94.37291,Low
15869,172.45639,Low
15870,514.1788,Medium
15871,32.41902,Low
15872,435.5676,Medium
15873,287.1143,Medium
15874,6995.3086,VIP
15875,112.37911,Low
15876,1416.1431,High
15878,329.39508,Medium
15879,1161.8737,High
15880,343.61133,Medium
15882,980.62726,High
15884,250.97833,Low
15885,1606.7573,High
15886,884.91675,High
15887,1033.5669,High
15888,262.6924,Low
15889,1358.5929,High
15890,532.6473,Medium
15892,127.98012,Low
15893,307.91013,Low
15894,156.95831,Low
15898,4294.6797,VIP
15899,56.920315,Low
15900,549.9581,Medium
15901,339.0292,Medium
15902,144.246,Low
15903,3750.9824,VIP
15905,114.477684,Low
15906,995.90356,High
15908,773.0276,High
15910,1397.6774,High
15911,1683.1561,High
15912,802.59814,High
15913,6.5206656,Low
15914,207.4205,Low
15915,428.72937,Medium
15916,1902.2327,VIP
15917,444.006,Medium
15918,251.41246,Low
15919,268.22455,Low
15920,408.09543,Medium
15921,464.77338,Medium
15922,370.4112,Medium
15923,127.14902,Low
15924,103.85594,Low
15926,136.20117,Low
15927,121.02982,Low
15928,294.74722,Low
15929,595.981,Medium
15931,238.44939,Low
15934,2176.472,VIP
15936,289.21826,Low
15938,339.0292,Medium
15939,2318.1714,VIP
15941,403.9147,Medium
15943,268.46008,Low
15944,1849.9886,VIP
15945,651.26764,Medium
15946,2266.3542,VIP
15948,547.9096,Medium
15950,5515.335,VIP
15951,306.82202,Low
15953,1999.6555,VIP
15954,191.85214,Low
15955,4358.837,VIP
15956,630.77124,Medium
15957,503.3656,Medium
15958,381.41922,Medium
15959,575.826,Medium
15960,425.85492,Medium
15961,456.29013,Medium
15962,294.7633,Low
15964,274.61874,Low
15965,2186.8586,VIP
15966,422.22504,Medium
15967,2651.9795,VIP
15968,419.07785,Medium
15969,457.48596,Medium
15970,713.1691,High
15971,1718.2839,High
15972,1829.7548,VIP
15973,660.18854,Medium
15976,1304.5938,High
15978,2193.9153,VIP
15979,326.14682,Medium
15980,4178.03,VIP
15981,5897.8306,VIP
15982,325.27988,Medium
15983,2552.2659,VIP
15984,5979.306,VIP
15985,1579.8762,High
15986,182.1435,Low
15987,229.95142,Low
15988,610.2968,Medium
15989,374.70453,Medium
15990,1205.1205,High
15991,148.24141,Low
15992,841.21783,High
15994,772.6361,High
15995,711.06665,High
15996,631.885,Medium
15998,5119.0884,VIP
15999,20.549047,Low
16001,590.36584,Medium
16002,169.59433,Low
16003,2992.37,VIP
16004,2270.6116,VIP
16005,1803.9113,VIP
16006,244.57784,Low
16007,1349.8927,High
16008,4854.4443,VIP
16010,1337.8954,High
16011,2489.0186,VIP
16012,1568.0039,High
16013,20211.988,VIP
16014,467.03647,Medium
16016,1029.8687,High
16017,1308.9745,High
16018,292.0145,Low
16019,13676.404,VIP
16021,533.82263,Medium
16024,232.52754,Low
16027,1100.8528,High
16028,81.25094,Low
16029,41000.098,VIP
16032,2066.7036,VIP
16033,1999.6918,VIP
16034,496.57834,Medium
16035,216.86484,Low
16036,1824.6854,VIP
16037,659.00134,Medium
16039,451.21628,Medium
16040,1108.4965,High
16042,1060.9379,High
16043,1077.2593,High
16044,343.64716,Medium
16045,2089.973,VIP
16046,236.03015,Low
16047,105.93984,Low
16048,811.432,High
16049,792.567,High
16050,159.28392,Low
16051,191.47272,Low
16053,2100.9253,VIP
16054,1324.8112,High
16057,1595.2904,High
16058,62.93756,Low
16059,1755.8048,VIP
16060,541.4743,Medium
16061,88.51321,Low
16062,1725.2048,High
16064,111.19562,Low
16065,2006.5676,VIP
16067,3398.4036,VIP
16068,121.95344,Low
16069,462.5568,Medium
16071,751.728,High
16072,3684.1926,VIP
16074,262.06622,Low
16075,737.4752,High
16077,2695.2075,VIP
16078,283.4892,Low
16080,389.4379,Medium
16081,1619.1431,High
16082,105.85065,Low
16083,1031.4325,High
16085,1355.2084,High
16086,1749.0767,VIP
16087,1773.7423,VIP
16088,1438.2937,High
16089,267.24323,Low
16090,208.68129,Low
16092,762.5332,High
16094,2603.8018,VIP
16095,458.59903,Medium
16096,1282.0145,High
16098,2405.5012,VIP
16099,860.7609,High
16100,587.4615,Medium
16101,1943.6158,VIP
16103,4710.6533,VIP
16104,2445.2942,VIP
16105,2064.4893,VIP
16108,1362.7418,High
16109,326.45898,Medium
16110,486.35834,Medium
16111,572.1217,Medium
16115,913.5445,High
16117,424.798,Medium
16118,3956.2183,VIP
16119,1293.6685,High
16120,1749.7018,High
16121,614.433,Medium
16122,334.13156,Medium
16124,1523.8428,High
16125,4228.174,VIP
16126,8446.646,VIP
16127,145.01215,Low
16128,1860.3965,VIP
16129,1366.9746,High
16130,968.0161,High
16131,6483.303,VIP
16132,664.1156,Medium
16133,7196.1143,VIP
16134,1532.6713,High
16135,298.38797,Low
16136,237.34998,Low
16137,422.65753,Medium
16138,896.78925,High
16139,472.05658,Medium
16140,835.1822,High
16141,334.3963,Medium
16143,2468.3525,VIP
16145,3038.0361,VIP
16146,213.17014,Low
16147,2031.0488,VIP
16148,310.35696,Medium
16149,140.47185,Low
16150,2299.157,VIP
16153,3323.4304,VIP
16155,798.83716,High
16156,3063.546,VIP
16158,626.13965,Medium
16159,886.72284,High
16161,7850.0376,VIP
16163,1960.7002,VIP
16165,79.465485,Low
16166,436.49872,Medium
16167,1363.6102,High
16168,6835.951,VIP
16170,5165.3022,VIP
16172,744.692,High
16174,1251.2786,High
16175,800.8068,High
16176,2066.4463,VIP
16177,1922.0476,VIP
16178,407.1726,Medium
16180,5842.394,VIP
16182,3362.0532,VIP
16183,738.7602,High
16185,114.477684,Low
16186,5082.6167,VIP
16188,106.5328,Low
16190,2493.8333,VIP
16191,9799.601,VIP
16192,347.89703,Medium
16193,313.25552,Medium
16194,310.534,Low
16195,323.94507,Medium
16196,91.54356,Low
16197,2031.9598,VIP
16198,628.87317,Medium
16199,929.6415,High
16200,4526.8916,VIP
16201,251.86662,Low
16202,2147.8918,VIP
16203,524.0322,Medium
16204,537.43677,Medium
16205,1063.3154,High
16206,2076.1023,VIP
16208,2749.727,VIP
16209,1963.6246,VIP
16210,17197.178,VIP
16211,542.6292,Medium
16212,607.56354,Medium
16214,967.2513,High
16218,1354.4894,High
16219,39.9352,Low
16221,1365.5573,High
16222,495.17572,Medium
16223,1082.8002,High
16224,320.46915,Medium
16225,1770.7339,VIP
16226,413.55927,Medium
16227,710.377,Medium
16228,894.5518,High
16229,1816.2623,VIP
16231,1072.214,High
16232,1709.9421,High
16233,1403.163,High
16234,324.35703,Medium
16235,1181.3601,High
16237,137.01442,Low
16238,62.82315,Low
16239,1072.8236,High
16241,1726.1344,High
16242,3887.796,VIP
16244,1059.0447,High
16246,830.2764,High
16250,395.15662,Medium
16251,127.77701,Low
16252,295.0531,Low
16253,3492.0388,VIP
16254,991.69836,High
16255,2306.4832,VIP
16256,897.37164,High
16258,6650.001,VIP
16259,361.48737,Medium
16261,309.2709,Low
16262,754.45215,High
16263,348.37085,Medium
16264,839.85187,High
16265,1516.4465,High
16266,920.5627,High
16267,182.9264,Low
16269,712.90594,High
16271,1965.8236,VIP
16273,337.55917,Medium
16274,365.47165,Medium
16275,1553.6573,High
16276,1810.021,VIP
16277,191.47272,Low
16278,554.2934,Medium
16279,4205.744,VIP
16280,237.80629,Low
16281,1359.7246,High
16282,1132.5669,High
16283,2796.2761,VIP
16284,202.77669,Low
16285,177.31001,Low
16286,329.83194,Medium
16287,903.37994,High
16288,130.47392,Low
16289,137.60725,Low
16290,2079.0132,VIP
16291,119.27423,Low
16292,957.44037,High
16293,2390.5945,VIP
16294,126.44882,Low
16296,1305.9348,High
16298,495.50092,Medium
16299,196.76337,Low
16300,1362.7418,High
16301,105.93984,Low
16303,2579.0662,VIP
16304,384.31366,Medium
16306,556.48083,Medium
16307,1241.474,High
16308,2519.2761,VIP
16310,456.5992,Medium
16312,169.70859,Low
16314,1512.4547,High
16315,177.0074,Low
16316,2615.8228,VIP
16317,845.53766,High
16320,4550.0005,VIP
16321,231.80096,Low
16323,147.22751,Low
16325,3019.2356,VIP
16326,1725.7687,High
16327,6790.0796,VIP
16328,310.90396,Medium
16329,1629.6411,High
16330,373.49683,Medium
16331,2104.0679,VIP
16332,426.96442,Medium
16334,280.17737,Low
16335,2721.3877,VIP
16336,3608.3647,VIP
16340,974.9468,High
16341,1888.3862,VIP
16343,313.96423,Medium
16344,742.8368,High
16345,621.1049,Medium
16346,226.3446,Low
16347,2607.451,VIP
16348,326.19705,Medium
16350,1137.5159,High
16351,3145.076,VIP
16353,3274.1536,VIP
16354,735.4336,High
16355,410.77155,Medium
16356,201.42636,Low
16357,212.26398,Low
16358,890.04987,High
16359,944.8804,High
16362,212.26143,Low
16365,1755.8048,VIP
16366,1235.4185,High
16367,569.74713,Medium
16368,145.72292,Low
16369,1113.0024,High
16371,156.742,Low
16372,954.2903,High
16373,307.208,Low
16374,1304.4805,High
16375,100.1823,Low
16377,631.3577,Medium
16381,261.99197,Low
16382,343.93158,Medium
16383,2308.829,VIP
16384,775.7714,High
16385,477.58078,Medium
16386,844.00793,High
16387,819.77844,High
16388,183.09785,Low
16390,472.23752,Medium
16391,1107.9294,High
16392,543.45984,Medium
16393,2420.1917,VIP
16395,2021.3737,VIP
16396,137.60725,Low
16397,127.74631,Low
16399,233.96811,Low
16400,2826.3953,VIP
16401,2749.9802,VIP
16402,212.29672,Low
16406,392.20416,Medium
16407,686.66895,Medium
16408,235.08781,Low
16409,3631.314,VIP
16410,130.33319,Low
16411,680.4952,Medium
16412,495.43985,Medium
16413,269.71564,Low
16414,438.85907,Medium
16415,507.36285,Medium
16416,1864.0819,VIP
16417,39.9352,Low
16418,433.6272,Medium
16419,513.7611,Medium
16420,72.36216,Low
16421,528.50073,Medium
16422,28680.91,VIP
16424,310.92688,Low
16428,656.2643,Medium
16430,801.203,High
16433,199.95021,Low
16434,1204.5294,High
16435,1021.4387,High
16436,325.49246,Medium
16437,302.1283,Low
16439,310.71066,Medium
16440,215.44128,Low
16441,650.3868,Medium
16442,288.2541,Low
16443,162.6089,Low
16444,3407.789,VIP
16445,364.4534,Medium
16447,513.28046,Medium
16448,178.53087,Low
16450,1182.4583,High
16451,740.4101,High
16452,329.5678,Medium
16453,254.26521,Low
16454,57.940224,Low
16455,2555.1797,VIP
16456,4768.0845,VIP
16458,2219.861,VIP
16459,71.28139,Low
16461,1437.1199,High
16465,742.1834,High
16466,2268.8281,VIP
16467,2888.5413,VIP
16468,710.50696,Medium
16469,178.0563,Low
16470,1713.6459,High
16471,944.182,High
16472,775.94183,High
16473,155.6516,Low
16476,347.7041,Medium
16477,1807.1174,VIP
16481,459.0687,Medium
16485,1948.3618,VIP
16486,135.83568,Low
16487,209.14662,Low
16489,301.2133,Low
16490,201.81108,Low
16491,830.0838,High
16492,383.21814,Medium
16493,776.5856,High
16496,740.0167,High
16497,3711.5308,VIP
16499,2284.279,VIP
16500,448.8516,Medium
16501,1275.3998,High
16502,265.59918,Low
16503,2186.6167,VIP
16507,151.93254,Low
16508,251.41246,Low
16510,1822.653,VIP
16511,879.0387,High
16515,1599.5793,High
16518,471.72058,Medium
16519,339.8293,Medium
16520,1418.1467,High
16521,1184.1813,High
16522,435.31165,Medium
16523,2488.6992,VIP
16524,307.24033,Medium
16525,11603.476,VIP
16526,422.4687,Medium
16527,1047.4884,High
16529,1556.8759,High
16530,48.474426,Low
16531,1060.8973,High
16532,1971.8755,VIP
16534,630.40894,Medium
16535,414.73276,Medium
16537,23.694674,Low
16538,413.31107,Medium
16539,2345.1711,VIP
16540,226.18205,Low
16541,422.65753,Medium
16542,137.69955,Low
16543,292.85638,Low
16544,374.68445,Medium
16545,348.42532,Medium
16546,4780.686,VIP
16547,112.68054,Low
16548,30.18137,Low
16549,10185.989,VIP
16550,7084.378,VIP
16551,1305.6101,High
16552,94.50648,Low
16553,10922.375,VIP
16554,1973.1788,VIP
16555,1610.3315,High
16556,4672.0615,VIP
16558,5545.546,VIP
16559,182.49734,Low
16560,2183.1938,VIP
16562,225.09854,Low
16563,3435.5369,VIP
16564,88.66273,Low
16565,611.2887,Medium
16568,1027.4025,High
16569,1310.4608,High
16570,3994.2253,VIP
16571,2735.2637,VIP
16574,842.969,High
16576,541.1461,Medium
16577,383.7799,Medium
16578,156.80008,Low
16579,295.26324,Low
16583,295.74255,Medium
16584,2225.6785,VIP
16585,342.44318,Medium
16586,992.21686,High
16588,1341.9889,High
16589,152.04918,Low
16590,608.70013,Medium
16592,3710.543,VIP
16593,724.1988,High
16595,1406.5175,High
16596,329.85037,Medium
16599,171.62508,Low
16600,1318.6672,High
16601,437.28757,Medium
16602,235.34395,Low
16604,436.65353,Medium
16605,60.877457,Low
16606,343.6876,Medium
16607,2337.0198,VIP
16608,1295.0353,High
16611,1656.358,High
16612,2114.0366,VIP
16614,668.6492,Medium
16615,292.7373,Low
16619,1700.7244,High
16620,1612.7498,High
16622,225.95045,Low
16623,892.0563,High
16625,1304.506,High
16628,139.8714,Low
16630,106.637344,Low
16631,1889.6362,VIP
16632,414.53656,Medium
16634,1598.5935,High
16635,470.79303,Medium
16636,3791.0627,VIP
16638,756.098,High
16639,488.2077,Medium
16640,178.61359,Low
16641,323.94507,Medium
16642,387.3559,Medium
16643,432.65112,Medium
16645,162.80078,Low
16646,679.7212,Medium
16647,325.36636,Medium
16648,378.79584,Medium
16649,308.13763,Low
16650,1386.411,High
16651,137.18437,Low
16652,10598.28,VIP
16654,1098.935,High
16655,2747.0603,VIP
16656,7940.129,VIP
16658,681.309,Medium
16660,615.8129,Medium
16661,976.28937,High
16662,163.8084,Low
16663,165.45224,Low
16664,110.78017,Low
16666,105.75943,Low
16668,553.62177,Medium
16670,3997.1755,VIP
16673,191.47272,Low
16675,606.7994,Medium
16676,773.956,High
16677,903.51666,High
16679,654.1444,Medium
16680,641.11597,Medium
16681,152.00241,Low
16683,322.3595,Medium
16684,80231.32,VIP
16686,2015.9968,VIP
16687,157.09328,Low
16690,123.76741,Low
16691,177.71451,Low
16692,643.4217,Medium
16693,715.3242,High
16694,99.06368,Low
16695,193.9055,Low
16699,1018.9393,High
16700,4183.589,VIP
16701,4538.5225,VIP
16702,1112.9658,High
16704,705.7915,Medium
16705,29531.574,VIP
16707,551.8941,Medium
16709,5918.648,VIP
16710,3922.6455,VIP
16711,1243.1855,High
16712,631.57666,Medium
16713,7492.32,VIP
16714,370.84286,Medium
16715,324.1912,Medium
16716,1258.6274,High
16717,3126.1172,VIP
16718,3069.704,VIP
16719,2209.9543,VIP
16720,639.2576,Medium
16722,4337.5425,VIP
16723,710.78455,High
16724,148.42206,Low
16725,1090.8182,High
16726,709.61487,Medium
16727,1182.9742,High
16731,172.88196,Low
16732,3852.844,VIP
16733,258.34256,Low
16735,4009.1775,VIP
16736,2982.0823,VIP
16737,411.3612,Medium
16739,464.8482,Medium
16740,235.34937,Low
16741,172.18605,Low
16742,2370.8743,VIP
16743,2064.1536,VIP
16746,11402.676,VIP
16748,2082.6316,VIP
16749,4325.9688,VIP
16752,209.36278,Low
16754,65712.62,VIP
16755,1399.3457,High
16756,1103.6973,High
16757,164.01497,Low
16760,227.13821,Low
16763,347.89703,Medium
16765,421.23007,Medium
16767,2636.265,VIP
16768,1217.691,High
16769,758.56165,High
16770,1164.3094,High
16771,1764.6312,VIP
16772,3684.1926,VIP
16773,252.53755,Low
16774,940.2565,High
16775,1339.0802,High
16776,230.01022,Low
16777,1098.5906,High
16779,22612.672,VIP
16780,180.3712,Low
16781,629.98096,Medium
16782,8444.2705,VIP
16783,387.78796,Medium
16784,790.6644,High
16785,537.2658,Medium
16786,50.824528,Low
16787,1046.045,High
16788,1340.7561,High
16791,2299.293,VIP
16792,514.0317,Medium
16794,871.18066,High
16795,2075.5923,VIP
16797,1827.7087,VIP
16798,859.28577,High
16799,503.0807,Medium
16802,588.94806,Medium
16805,639.15356,Medium
16807,1021.9971,High
16809,815.0339,High
16810,537.41364,Medium
16812,1920.5984,VIP
16814,5987.833,VIP
16815,416.55197,Medium
16817,1196.1584,High
16819,183.4197,Low
16821,113.25054,Low
16822,180.79132,Low
16823,1883.0441,VIP
16824,225.26991,Low
16825,1060.3749,High
16827,409.43228,Medium
16829,312.5317,Medium
16830,886.55225,High
16831,91.44979,Low
16832,223.9024,Low
16833,1315.5171,High
16834,486.54825,Medium
16835,1319.8048,High
16836,533.65027,Medium
16838,560.0134,Medium
16839,5839.085,VIP
16840,140.81638,Low
16841,2150.2878,VIP
16843,9551.557,VIP
16844,608.51434,Medium
16845,254.38794,Low
16846,629.7072,Medium
16847,423.09674,Medium
16848,1113.2719,High
16854,1364.0345,High
16856,323.0623,Medium
16857,347.7041,Medium
16858,4251.0884,VIP
16859,1186.7407,High
16860,1605.8185,High
16861,770.13275,High
16862,661.74756,Medium
16863,504.39117,Medium
16864,414.5326,Medium
16865,131.43668,Low
16867,76.260086,Low
16868,379.9926,Medium
16870,458.41977,Medium
16872,534.8529,Medium
16873,7515.0864,VIP
16874,216.696,Low
16875,2143.4229,VIP
16876,137.69955,Low
16880,322.0685,Medium
16883,2122.894,VIP
16884,641.655,Medium
16885,238.51573,Low
16886,130.98503,Low
16887,464.54,Medium
16888,440.5796,Medium
16889,949.3516,High
16890,289.18008,Low
16891,1255.9922,High
16892,243.0436,Low
16893,257.6707,Low
16894,1315.4556,High
16895,918.33307,High
16896,104.1704,Low
16898,509.55405,Medium
16899,436.84576,Medium
16901,201.57932,Low
16903,700.31726,Medium
16904,1366.3329,High
16905,1901.4985,VIP
16906,881.1764,High
16907,719.95374,High
16908,254.21057,Low
16911,256.97498,Low
16912,1965.3604,VIP
16913,308.63287,Medium
16915,923.31104,High
16916,545.0617,Medium
16917,1363.9844,High
16918,2177.477,VIP
16919,2420.657,VIP
16920,348.26807,Medium
16921,269.55316,Low
16922,614.54425,Medium
16923,5939.7036,VIP
16925,125.84932,Low
16926,1183.9932,High
16928,1905.5643,High
16931,634.87274,Medium
16932,272.84915,Low
16933,2611.2236,VIP
16934,1156.1234,High
16935,533.54144,Medium
16936,283.71735,Low
16937,200.83217,Low
16938,4256.4766,VIP
16939,453.79373,Medium
16940,3390.758,VIP
16941,30.310396,Low
16943,485.60828,Medium
16944,100.308975,Low
16945,4210.6777,VIP
16946,1199.892,High
16947,552.3844,Medium
16948,432.14792,Medium
16950,2555.003,VIP
16952,632.61487,Medium
16954,4009.0054,VIP
16955,789.43774,High
16958,821.26746,High
16960,1562.5385,High
16961,555.55707,Medium
16962,252.4956,Low
16964,208.67238,Low
16970,70.79324,Low
16972,776.05035,High
16973,126.8497,Low
16974,375.72256,Medium
16975,899.9834,High
16977,499.60767,Medium
16978,427.76245,Medium
16979,1016.2174,High
16980,388.53134,Medium
16983,1792.9003,VIP
16984,6372.803,VIP
16985,5405.9263,VIP
16986,3018.933,VIP
16987,926.52527,High
16988,255.61621,Low
16990,165.8837,Low
16991,1046.2562,High
16992,3844.9834,VIP
16993,1920.0157,VIP
16996,659.0643,Medium
16998,105.70609,Low
17000,415.3799,Medium
17001,2608.761,VIP
17002,1072.6771,High
17003,819.53235,High
17004,1019.3221,High
17005,740.49036,High
17006,891.085,High
17007,229.23428,Low
17008,79.83961,Low
17009,242.52072,Low
17011,395.6473,Medium
17012,384.31366,Medium
17016,547.24207,Medium
17017,5381.9814,VIP
17018,1341.9889,High
17019,2629.0203,VIP
17020,932.96185,High
17021,1180.7063,High
17022,192.14084,Low
17023,798.74835,High
17025,1156.2822,High
17026,55.3312,Low
17027,439.95886,Medium
17028,1590.3512,High
17029,1436.6866,High
17031,2432.8179,VIP
17032,3073.9854,VIP
17033,298.82297,Low
17034,538.9205,Medium
17035,177.17606,Low
17036,177.74425,Low
17038,628.9023,Medium
17039,1994.7323,VIP
17040,13.08372,Low
17041,615.04193,Medium
17043,901.654,High
17044,10895.178,VIP
17045,487.85397,Medium
17046,1275.552,High
17047,1240.1967,High
17048,1154.8374,High
17049,4357.4316,VIP
17050,1454.0616,High
17051,472.549,Medium
17055,238.02388,Low
17056,127.98012,Low
17057,292.85638,Low
17059,2453.0916,VIP
17062,667.5385,Medium
17063,2176.1355,VIP
17065,193.72769,Low
17066,227.4257,Low
17067,455.6811,Medium
17068,4617.8564,VIP
17069,3105.613,VIP
17070,132.28001,Low
17071,1343.0472,High
17072,282.09256,Low
17074,200.89491,Low
17075,1388.4402,High
17076,409.37613,Medium
17077,308.12024,Low
17080,659.42633,Medium
17081,665.4337,Medium
17082,2785.0994,VIP
17083,2592.4355,VIP
17084,2206.437,VIP
17085,6305.3804,VIP
17087,223.51538,Low
17089,128.16493,Low
17090,1116.5608,High
17091,3993.9548,VIP
17092,3813.5254,VIP
17093,236.47021,Low
17094,101.03415,Low
17095,1251.2666,High
17096,2747.4392,VIP
17097,387.33313,Medium
17098,605.5079,Medium
17099,582.8787,Medium
17101,889.74695,High
17103,422.65753,Medium
17104,469.54364,Medium
17106,486.5594,Medium
17107,5226.281,VIP
17108,176.74295,Low
17109,417.43735,Medium
17110,345.5935,Medium
17111,228.00743,Low
17112,201.81302,Low
17113,2277.8599,VIP
17115,1948.451,VIP
17116,388.65305,Medium
17121,311.0112,Medium
17122,438.92535,Medium
17123,642.0005,Medium
17126,1070.3528,High
17127,1157.0524,High
17129,31.59644,Low
17132,1248.6229,High
17133,13803.121,VIP
17134,212.26143,Low
17135,815.3215,High
17136,228.77321,Low
17137,1134.8398,High
17138,4002.04,VIP
17139,9008.649,VIP
17141,748.6222,High
17142,711.4314,Medium
17143,927.99475,High
17145,3246.29,VIP
17146,5126.9946,VIP
17147,1472.6687,High
17149,146.01566,Low
17150,1378.5974,High
17151,234.87166,Low
17152,326.89584,Medium
17155,651.819,Medium
17156,586.2153,Medium
17157,4794.642,VIP
17158,712.51044,Medium
17159,559.24884,Medium
17160,6506.696,VIP
17161,917.1647,High
17163,414.5326,Medium
17165,1640.0748,High
17167,874.8962,High
17168,402.64566,Medium
17169,322.28827,Medium
17170,177.36392,Low
17171,161.9803,Low
17172,640.573,Medium
17176,599.8707,Medium
17177,119.12848,Low
17178,434.1004,Medium
17179,799.0794,High
17180,1464.2604,High
17181,226.92053,Low
17182,325.5527,Low
17184,194.47223,Low
17185,227.13376,Low
17187,262.32413,Low
17188,2143.4229,VIP
17189,560.4855,Medium
17190,1287.7045,High
17191,2737.6274,VIP
17192,78.432,Low
17193,610.68933,Medium
17194,546.7187,Medium
17195,572.5036,Medium
17196,348.37085,Medium
17198,519.3342,Medium
17199,144.72266,Low
17200,355.71576,Medium
17201,904.03265,High
17202,164.79778,Low
17203,2030.9034,VIP
17204,4008.1758,VIP
17205,608.91034,Medium
17207,299.00003,Low
17208,115.05709,Low
17209,619.66376,Medium
17210,253.0055,Low
17211,1727.5507,VIP
17212,559.53906,Medium
17213,2367.653,VIP
17215,182.41284,Low
17216,66.752304,Low
17217,104.33055,Low
17218,2197.81,VIP
17219,144.84897,Low
17220,1285.3046,High
17221,643.5252,Medium
17222,1265.648,High
17223,440.263,Medium
17224,100.4069,Low
17225,130.94476,Low
17226,506.0432,Medium
17227,1100.4556,High
17228,1269.4908,High
17230,6276.0874,VIP
17231,4012.7358,VIP
17233,377.06052,Medium
17235,1354.589,High
17236,1007.29987,High
17237,702.9148,Medium
17238,4043.8496,VIP
17239,802.3012,High
17240,131.4944,Low
17241,2672.2478,VIP
17242,1726.3411,VIP
17243,12316.01,VIP
17244,893.80396,High
17245,200.73267,Low
17246,39.19632,Low
17248,227.1404,Low
17249,67.72762,Low
17251,533.36664,Medium
17254,196.54942,Low
17255,501.25195,Medium
17256,259.2202,Low
17257,196.2027,Low
17258,415.42776,Medium
17259,1285.1249,High
17260,120.73906,Low
17261,229.15283,Low
17262,1576.1929,High
17264,282.25284,Low
17266,207.78813,Low
17268,1003.95764,High
17269,540.58984,Medium
17270,609.3773,Medium
17271,212.79465,Low
17273,140.45566,Low
17274,465.9317,Medium
17275,114.7365,Low
17276,515.76965,Medium
17278,25.835217,Low
17280,119.127335,Low
17281,784.9098,High
17282,640.573,Medium
17283,191.01941,Low
17284,1131.967,High
17285,431.5308,Medium
17286,242.14061,Low
17287,3028.2559,VIP
17288,1072.1423,High
17289,1126.6431,High
17290,989.87714,High
17292,267.86404,Low
17293,1915.4996,VIP
17294,466.88763,Medium
17296,336.6734,Medium
17298,462.66754,Medium
17299,344.21182,Medium
17300,389.7914,Medium
17301,131.03363,Low
17304,110.79781,Low
17305,2108.517,VIP
17306,1139.1066,High
17307,4014.7,VIP
17308,4586.753,VIP
17309,251.45013,Low
17310,1029.4087,High
17311,2205.738,VIP
17314,2346.306,VIP
17315,3430.0225,VIP
17316,125.73536,Low
17318,163.68686,Low
17319,29.176119,Low
17320,1611.3691,High
17321,1047.113,High
17322,917.1086,High
17323,650.1539,Medium
17324,1307.9518,High
17325,512.43317,Medium
17326,323.915,Medium
17327,154.2455,Low
17328,104.42055,Low
17329,474.62714,Medium
17330,59.62378,Low
17332,855.01495,High
17334,326.5074,Medium
17335,509.0129,Medium
17336,80.75606,Low
17338,5412.123,VIP
17339,117.23313,Low
17340,9610.342,VIP
17341,1100.7251,High
17342,1252.7423,High
17343,1107.6815,High
17344,307.70544,Low
17345,1095.377,High
17346,2584.0967,VIP
17348,1302.3575,High
17349,738.5948,High
17350,616.8403,Medium
17351,1402.9608,High
17352,36.868107,Low
17353,1540.7765,High
17354,1731.8899,VIP
17355,283.07507,Low
17356,772.67554,High
17358,501.0099,Medium
17359,157.18724,Low
17360,644.019,Medium
17361,392.4855,Medium
17362,691.2156,High
17363,897.2367,High
17364,7815.522,VIP
17365,3408.4458,VIP
17366,1081.4336,High
17368,920.46466,High
17369,993.81274,High
17371,224.25465,Low
17372,3031.172,VIP
17373,524.8292,Medium
17374,229.11191,Low
17375,260.78824,Low
17376,254.55264,Low
17377,14331.99,VIP
17378,10.884727,Low
17380,646.5639,Medium
17381,22849.012,VIP
17382,800.09296,High
17383,110.91435,Low
17384,170.10048,Low
17386,126.8497,Low
17388,1379.8638,High
17389,28922.768,VIP
17390,148.41309,Low
17392,168.76646,Low
17393,376.20575,Medium
17395,99.00802,Low
17396,1455.5409,High
17397,536.42664,Medium
17400,2542.0764,VIP
17401,114.477684,Low
17402,2619.835,VIP
17403,119.127335,Low
17404,15890.734,VIP
17406,2747.0186,VIP
17407,547.74817,Medium
17408,288.09482,Low
17409,7020.24,VIP
17411,640.62866,Medium
17412,3141.4924,VIP
17413,557.1229,Medium
17414,1416.9095,High
17416,10449.509,VIP
17417,163.78041,Low
17418,210.17212,Low
17419,2281.8384,VIP
17420,485.8773,Medium
17421,1065.5645,High
17422,1631.5425,High
17423,421.0179,Medium
17426,3123.4849,VIP
17428,15332.269,VIP
17429,835.2396,High
17430,479.00848,Medium
17432,1367.3,High
17433,269.90005,Low
17435,333.84564,Medium
17436,326.35638,Medium
17437,371.6025,Medium
17438,1045.5315,High
17439,326.45694,Medium
17440,137.33409,Low
17441,294.74905,Low
17442,2373.314,VIP
17448,14597.702,VIP
17449,2394.9102,VIP
17450,25175.518,VIP
17454,1027.8096,High
17456,975.2787,High
17457,4386.206,VIP
17458,212.01588,Low
17460,1650.6407,High
17463,661.268,Medium
17464,711.6927,Medium
17465,2498.3555,VIP
17467,104.25068,Low
17468,57.450687,Low
17469,3126.7673,VIP
17470,1680.165,High
17471,322.12753,Medium
17472,225.46713,Low
17473,611.96967,Medium
17474,1044.4362,High
17476,488.20142,Medium
17477,1134.0245,High
17478,1253.0825,High
17479,387.5365,Medium
17480,387.2922,Medium
17482,773.0058,High
17483,178.35991,Low
17484,209.14662,Low
17487,162.80078,Low
17488,336.0613,Medium
17490,657.3053,Medium
17491,2417.668,VIP
17492,744.9815,High
17493,100.755455,Low
17494,57.097454,Low
17495,310.11862,Low
17496,1181.7666,High
17497,281.0888,Low
17499,713.59796,High
17504,7191.455,VIP
17505,1306.3536,High
17508,4216.6704,VIP
17510,208.48271,Low
17511,84322.17,VIP
17512,2564.492,VIP
17513,645.22797,Medium
17514,334.67102,Medium
17515,979.9862,High
17516,191.01941,Low
17518,329.46472,Medium
17519,3296.619,VIP
17521,553.373,Medium
17524,392.84406,Medium
17525,740.09515,High
17526,3038.0767,VIP
17529,1233.5433,High
17530,750.0336,High
17531,975.6614,High
17532,66.751335,Low
17533,35.906,Low
17534,1407.9888,High
17536,290.4574,Low
17539,1268.5977,High
17540,1016.2436,High
17541,125.10728,Low
17542,169.35745,Low
17543,120.0321,Low
17544,950.826,High
17545,798.5718,High
17547,738.93835,High
17548,615.2467,Medium
17550,2292.0312,VIP
17552,2172.9734,VIP
17553,2241.9988,VIP
17555,556.8023,Medium
17556,145.42308,Low
17557,33.469902,Low
17558,258.71976,Low
17559,166.78445,Low
17560,1060.6078,High
17561,551.435,Medium
17563,394.82825,Medium
17565,130.94476,Low
17567,1026.6838,High
17568,383.13223,Medium
17570,100.63272,Low
17571,201.87608,Low
17572,501.98438,Medium
17575,171.42427,Low
17576,5406.669,VIP
17577,346.3241,Medium
17578,926.8168,High
17579,306.79208,Low
17580,328.4312,Medium
17581,7588.4907,VIP
17582,1280.1847,High
17583,137.33409,Low
17584,4172.0757,VIP
17585,952.6541,High
17586,166.7315,Low
17587,182.66454,Low
17588,1624.3771,High
17589,11306.758,VIP
17591,553.0149,Medium
17592,148.77502,Low
17593,4098.486,VIP
17594,1558.8872,High
17596,2121.1204,VIP
17597,1408.0674,High
17598,408.67148,Medium
17599,51.494385,Low
17601,306.627,Low
17602,2361.8862,VIP
17603,1361.2509,High
17604,624.5663,Medium
17605,161.94145,Low
17606,85.23981,Low
17607,333.12488,Medium
17608,307.24033,Medium
17609,779.07086,High
17610,1570.7311,High
17611,4171.256,VIP
17612,3410.0132,VIP
17615,409.41605,Medium
17616,490.47852,Medium
17617,397.96378,Medium
17618,3033.547,VIP
17621,1692.525,VIP
17622,1131.5425,High
17623,1811.0835,VIP
17624,736.8969,High
17625,4003.403,VIP
17626,255.16205,Low
17627,295.94763,Low
17629,639.7289,Medium
17631,481.19037,Medium
17633,735.4336,High
17635,1284.3959,High
17638,842.0379,High
17639,518.71826,Medium
17640,2496.6328,VIP
17642,1109.3707,High
17643,436.84576,Medium
17644,3089.6145,VIP
17646,3098.3777,VIP
17647,197.35704,Low
17648,420.18582,Medium
17649,710.50696,Medium
17651,1748.274,VIP
17655,1013.42786,High
17657,125.47432,Low
17659,822.0516,High
17660,163.68686,Low
17662,413.33478,Medium
17663,3339.6675,VIP
17664,559.24884,Medium
17665,569.8394,Medium
17666,1315.5197,High
17667,1963.499,VIP
17669,2736.3088,VIP
17671,833.11383,High
17672,2525.9766,VIP
17673,2603.8018,VIP
17674,296.3981,Low
17675,20272.258,VIP
17676,1372.7583,High
17677,20474.9,VIP
17678,297.44296,Low
17679,1599.5984,High
17680,308.69104,Low
17681,726.0061,High
17682,2012.8907,VIP
17683,815.9359,High
17685,2806.2844,VIP
17686,2591.6838,VIP
17687,433.00943,Medium
17688,306.61072,Low
17689,325.88657,Low
17690,2648.844,VIP
17691,495.1005,Medium
17692,2261.203,VIP
17694,1371.9241,High
17695,992.1093,High
17696,5464.895,VIP
17699,439.89325,Medium
17700,4102.2446,VIP
17702,1329.9564,High
17703,295.70547,Low
17705,261.92728,Low
17706,9610.8,VIP
17707,454.56772,Medium
17708,631.57666,Medium
17709,550.1216,Medium
17710,295.26324,Low
17713,1197.2213,High
17714,1277.0613,High
17715,163.17542,Low
17716,10174.939,VIP
17717,375.32092,Medium
17718,297.97852,Low
17720,1587.8923,High
17721,307.66718,Low
17722,2005.4738,VIP
17723,101.02958,Low
17726,1109.9104,High
17728,1361.349,High
17729,435.25858,Medium
17730,2504.956,VIP
17731,466.99118,Medium
17732,2217.4343,VIP
17734,744.48334,High
17735,4182.332,VIP
17738,2297.4785,VIP
17739,4851.477,VIP
17740,431.17886,Medium
17741,98.78138,Low
17742,1737.4458,VIP
17743,228.79808,Low
17744,321.90988,Medium
17745,608.11426,Medium
17746,799.90466,High
17748,365.1183,Medium
17749,348.16132,Medium
17751,158.8141,Low
17753,377.1891,Medium
17754,2792.9395,VIP
17756,738.16113,High
17757,3825.02,VIP
17758,1586.7638,High
17759,437.66727,Medium
17760,640.6969,Medium
17762,130.17278,Low
17763,71.37379,Low
17764,798.7262,High
17765,156.742,Low
17766,297.78598,Low
17767,139.84654,Low
17768,1253.8345,High
17769,3145.763,VIP
17771,147.67638,Low
17772,200.79926,Low
17773,592.8211,Medium
17774,2119.4949,VIP
17776,340.97308,Medium
17778,196.08623,Low
17780,358.33734,Medium
17782,669.6231,Medium
17783,98.97169,Low
17784,112.68054,Low
17785,267.24823,Low
17787,739.7415,High
17789,170.98833,Low
17790,802.4311,High
17792,377.92847,Medium
17794,148.85388,Low
17796,648.1199,High
17797,1199.051,High
17798,181.42686,Low
17799,3274.547,VIP
17801,798.9703,High
17802,3759.257,VIP
17803,181.96463,Low
17804,363.50247,Medium
17805,409.1001,Medium
17807,438.93228,Medium
17808,262.7075,Low
17809,5868.376,VIP
17810,379.3555,Medium
17811,1833.7722,VIP
17812,443.8609,Medium
17814,1596.0305,High
17815,586.8801,Medium
17816,75.9758,Low
17817,415.51712,Medium
17818,130.33319,Low
17819,2847.249,VIP
17820,180.93024,Low
17821,335.1025,Medium
17822,2213.5386,VIP
17823,490.26318,Medium
17825,737.07916,High
17826,137.43619,Low
17827,388.40637,Medium
17829,3885.8418,VIP
17833,342.09995,Medium
17834,736.7428,High
17838,4081.865,VIP
17840,181.99274,Low
17841,30025.61,VIP
17842,433.8378,Medium
17843,120.73906,Low
17845,593.6706,Medium
17847,136.5452,Low
17848,3042.8655,VIP
17849,461.81467,Medium
17850,29449.926,VIP
17851,1552.637,High
17852,548.6742,Medium
17853,1597.4559,High
17854,751.3433,High
17855,209.36278,Low
17857,1825.1504,VIP
17858,7689.261,VIP
17860,747.4521,High
17861,2995.3376,VIP
17862,932.49036,High
17863,2595.1738,VIP
17864,325.56143,Medium
17865,15855.567,VIP
17866,823.0341,High
17867,426.3127,Medium
17868,236.4418,Low
17869,610.62195,Medium
17870,1202.7798,High
17871,960.4358,High
17872,236.11606,Low
17873,4908.6953,VIP
17875,166.61342,Low
17876,3403.6174,VIP
17878,1030.3771,High
17880,377.03098,Medium
17882,308.30765,Low
17883,325.99976,Medium
17884,2287.3323,VIP
17886,710.5507,Medium
17888,1437.9843,VIP
17889,581.29584,Medium
17894,1355.7407,High
17897,2009.1433,VIP
17898,146.42892,Low
17901,147.48642,Low
17902,215.50859,Low
17903,383.79367,Medium
17905,1611.323,High
17907,292.45535,Low
17908,1164.2239,High
17909,131.20688,Low
17910,261.95737,Low
17912,62.264,Low
17913,3099.0251,VIP
17915,242.52072,Low
17916,43.811207,Low
17918,380.8853,Medium
17919,536.45996,Medium
17920,20030.107,VIP
17921,1577.2002,High
17922,169.76329,Low
17923,291.18976,Low
17924,581.98376,Medium
17925,243.81308,Low
17926,634.5275,Medium
17927,294.74905,Low
17928,127.724396,Low
17929,2273.4067,VIP
17930,2560.192,VIP
17931,3059.0483,VIP
17933,114.372345,Low
17934,345.55402,Medium
17935,534.6455,Medium
17938,144.6593,Low
17940,26280.549,VIP
17941,1102.046,High
17944,76.28835,Low
17945,361.20972,Medium
17949,60147.965,VIP
17950,947.41724,High
17951,627.9986,Medium
17952,824.8731,High
17953,161.66602,Low
17954,1638.0447,High
17955,392.14267,Medium
17958,467.4636,Medium
17959,138.95233,Low
17960,61.473965,Low
17961,1693.2189,High
17962,579.6245,Medium
17963,653.95197,Medium
17964,260.9187,Low
17965,4603.365,VIP
17966,884.1035,High
17967,232.906,Low
17968,599.58716,Medium
17969,2159.3452,VIP
17971,161.84032,Low
17974,1109.9783,High
17975,2541.149,VIP
17976,347.88025,Medium
17977,1281.4817,High
17978,1165.1271,High
17980,222.63208,Low
17981,238.37335,Low
17982,138.6486,Low
17983,171.67201,Low
17984,1046.7338,High
17987,811.432,High
17988,291.35867,Low
17989,229.22649,Low
17990,888.61194,High
17991,227.63504,Low
17992,255.06384,Low
17993,235.75261,Low
17994,1623.5084,High
17995,426.06482,Medium
17996,471.32852,Medium
17998,631.97046,Medium
17999,344.8501,Medium
18000,125.88271,Low
18001,548.85925,Medium
18002,251.65137,Low
18003,364.70163,Medium
18006,551.78577,Medium
18007,219.5095,Low
18008,16812.07,VIP
18009,1898.1006,VIP
18011,425.39536,Medium
18012,114.581856,Low
18016,472.4429,Medium
18017,165.39986,Low
18018,176.99689,Low
18020,192.40625,Low
18021,225.2315,Low
18022,967.9866,High
18025,1171.2368,High
18026,2068.6814,VIP
18028,192.34235,Low
18029,432.4816,Medium
18031,463.56427,Medium
18034,372.68985,Medium
18035,551.605,Medium
18036,1159.9268,High
18037,97.49726,Low
18038,148.64003,Low
18039,577.1213,Medium
18041,4313.4424,VIP
18042,115.638725,Low
18043,315.1038,Medium
18044,1414.772,High
18046,191.78024,Low
18047,344.3483,Medium
18048,228.80028,Low
18049,554.63745,Medium
18050,336.75714,Medium
18051,2279.2197,VIP
18052,10835.3125,VIP
18053,266.71576,Low
18054,177.94986,Low
18055,4373.005,VIP
18056,192.00035,Low
18057,1260.5052,High
18058,610.1345,Medium
18060,1176.125,High
18061,4371.5825,VIP
18062,899.617,High
18063,183.26447,Low
18064,3663.865,VIP
18065,3565.8176,VIP
18066,1130.9108,High
18069,2556.583,VIP
18070,311.42853,Medium
18071,971.1433,High
18074,1023.91003,High
18075,3186.83,VIP
18076,151.9814,Low
18077,1697.2881,High
18078,509.44647,Medium
18079,586.2153,Medium
18083,469.98944,Medium
18084,735.6843,High
18085,951.29767,High
18087,10765.749,VIP
18089,429.0356,Medium
18090,345.9381,Medium
18091,363.28528,Medium
18092,7150.908,VIP
18093,2459.6428,VIP
18094,3362.22,VIP
18095,1714.399,High
18096,893.65076,High
18097,1969.5165,VIP
18098,547.6503,Medium
18100,459.41718,Medium
18101,412.25842,Medium
18102,349933.1,VIP
18103,105.462654,Low
18106,1004.14166,High
18107,166.84384,Low
18108,584.6655,Medium
18109,2215.7107,VIP
18110,196.6672,Low
18111,403.70352,Medium
18112,426.76938,Medium
18113,75.828094,Low
18115,5.4694605,Low
18116,729.34485,High
18118,1076.6086,High
18119,179.04912,Low
18123,93.53027,Low
18124,112.44071,Low
18127,212.33476,Low
18128,420.43915,Medium
18131,224.1724,Low
18132,225.87991,Low
18134,443.76013,Medium
18135,566.0389,Medium
18136,842.5618,High
18137,147.34404,Low
18140,536.25037,Medium
18141,900.4299,High
18144,2217.2715,VIP
18145,2752.3477,VIP
18148,114.372345,Low
18149,1019.8272,High
18151,1251.5771,High
18152,422.4604,Medium
18153,245.45625,Low
18154,533.72064,Medium
18156,209.64363,Low
18157,215.60968,Low
18160,368.53653,Medium
18161,181.02673,Low
18162,375.12845,Medium
18163,732.4901,High
18166,176.9312,Low
18168,2696.1694,VIP
18170,1879.0648,VIP
18171,1198.301,High
18172,7773.6733,VIP
18173,588.0348,Medium
18174,57.542595,Low
18175,177.08322,Low
18177,889.5329,High
18178,4495.5728,VIP
18179,747.7048,High
18181,826.76044,High
18182,292.8292,Low
18186,333.13922,Medium
18187,732.8728,High
18188,1284.5872,High
18189,311.63104,Medium
18190,465.20267,Medium
18191,321.4589,Medium
18193,973.4829,High
18194,3160.05,VIP
18195,100.755455,Low
18196,774.6703,High
18197,229.73357,Low
18199,344.9758,Medium
18201,459.0687,Medium
18203,336.0073,Medium
18206,311.6652,Medium
18207,545.55304,Medium
18208,365.9093,Medium
18210,147.68118,Low
18212,296.13376,Low
18214,1799.0809,VIP
18215,1966.1987,VIP
18217,322.84247,Medium
18218,472.08047,Medium
18219,1500.231,High
18220,1637.8079,High
18221,383.4606,Medium
18223,7350.358,VIP
18225,7696.1216,VIP
18226,6533.032,VIP
18227,294.16397,Low
18229,3640.6929,VIP
18230,1433.9409,High
18231,5405.468,VIP
18234,179.75682,Low
18236,921.62585,High
18238,268.96667,Low
18239,594.64,Medium
18241,920.7776,High
18242,1338.8246,High
18243,517.5212,Medium
18244,559.53906,Medium
18245,3818.9824,VIP
18246,162.67929,Low
18247,851.84033,High
18251,19131.965,VIP
18252,998.01685,High
18253,315.25623,Medium
18254,268.13007,Low
18255,199.98672,Low
18256,111.8585,Low
18257,2222.7266,VIP
18258,2092.6418,VIP
18259,1966.8827,VIP
18260,7332.1455,VIP
18262,427.77002,Medium
18264,595.3326,Medium
18266,252.12552,Low
18267,269.50555,Low
18268,1457.5801,High
18269,168.76485,Low
18270,161.65671,Low
18271,663.9837,Medium
18272,1306.3536,High
18273,152.1833,Low
18275,739.5187,High
18276,1314.8054,High
18277,1070.7324,High
18278,242.64908,Low
18279,229.40605,Low
18280,307.23062,Low
18281,119.90111,Low
18283,630.7571,Medium
18284,465.02505,Medium
18285,424.44205,Medium
18286,1312.2806,High
18287,2515.7886,VIP
